/*
 Navicat Premium Data Transfer

 Source Server         : 圈子ky
 Source Server Type    : MySQL
 Source Server Version : 80024 (8.0.24)
 Source Host           : 116.62.58.71:3306
 Source Schema         : quanziky

 Target Server Type    : MySQL
 Target Server Version : 80024 (8.0.24)
 File Encoding         : 65001

 Date: 06/02/2024 21:23:12
*/

SET NAMES utf8mb4;
SET FOREIGN_KEY_CHECKS = 0;

-- ----------------------------
-- Table structure for qrtz_blob_triggers
-- ----------------------------
DROP TABLE IF EXISTS `qrtz_blob_triggers`;
CREATE TABLE `qrtz_blob_triggers` (
  `SCHED_NAME` varchar(120) NOT NULL,
  `TRIGGER_NAME` varchar(200) NOT NULL,
  `TRIGGER_GROUP` varchar(200) NOT NULL,
  `BLOB_DATA` blob,
  PRIMARY KEY (`SCHED_NAME`,`TRIGGER_NAME`,`TRIGGER_GROUP`),
  KEY `SCHED_NAME` (`SCHED_NAME`,`TRIGGER_NAME`,`TRIGGER_GROUP`),
  CONSTRAINT `qrtz_blob_triggers_ibfk_1` FOREIGN KEY (`SCHED_NAME`, `TRIGGER_NAME`, `TRIGGER_GROUP`) REFERENCES `qrtz_triggers` (`SCHED_NAME`, `TRIGGER_NAME`, `TRIGGER_GROUP`)
) ENGINE=InnoDB DEFAULT CHARSET=utf8mb3;

-- ----------------------------
-- Records of qrtz_blob_triggers
-- ----------------------------
BEGIN;
COMMIT;

-- ----------------------------
-- Table structure for qrtz_calendars
-- ----------------------------
DROP TABLE IF EXISTS `qrtz_calendars`;
CREATE TABLE `qrtz_calendars` (
  `SCHED_NAME` varchar(120) NOT NULL,
  `CALENDAR_NAME` varchar(200) NOT NULL,
  `CALENDAR` blob NOT NULL,
  PRIMARY KEY (`SCHED_NAME`,`CALENDAR_NAME`)
) ENGINE=InnoDB DEFAULT CHARSET=utf8mb3;

-- ----------------------------
-- Records of qrtz_calendars
-- ----------------------------
BEGIN;
COMMIT;

-- ----------------------------
-- Table structure for qrtz_cron_triggers
-- ----------------------------
DROP TABLE IF EXISTS `qrtz_cron_triggers`;
CREATE TABLE `qrtz_cron_triggers` (
  `SCHED_NAME` varchar(120) NOT NULL,
  `TRIGGER_NAME` varchar(200) NOT NULL,
  `TRIGGER_GROUP` varchar(200) NOT NULL,
  `CRON_EXPRESSION` varchar(120) NOT NULL,
  `TIME_ZONE_ID` varchar(80) DEFAULT NULL,
  PRIMARY KEY (`SCHED_NAME`,`TRIGGER_NAME`,`TRIGGER_GROUP`),
  CONSTRAINT `qrtz_cron_triggers_ibfk_1` FOREIGN KEY (`SCHED_NAME`, `TRIGGER_NAME`, `TRIGGER_GROUP`) REFERENCES `qrtz_triggers` (`SCHED_NAME`, `TRIGGER_NAME`, `TRIGGER_GROUP`)
) ENGINE=InnoDB DEFAULT CHARSET=utf8mb3;

-- ----------------------------
-- Records of qrtz_cron_triggers
-- ----------------------------
BEGIN;
INSERT INTO `qrtz_cron_triggers` (`SCHED_NAME`, `TRIGGER_NAME`, `TRIGGER_GROUP`, `CRON_EXPRESSION`, `TIME_ZONE_ID`) VALUES ('RenrenScheduler', 'TASK_1067246875800000076', 'DEFAULT', '0 0/30 * * * ?', 'Asia/Shanghai');
INSERT INTO `qrtz_cron_triggers` (`SCHED_NAME`, `TRIGGER_NAME`, `TRIGGER_GROUP`, `CRON_EXPRESSION`, `TIME_ZONE_ID`) VALUES ('RenrenScheduler', 'TASK_1724323986407444482', 'DEFAULT', '0 0 0/2 * * ?', 'Asia/Shanghai');
INSERT INTO `qrtz_cron_triggers` (`SCHED_NAME`, `TRIGGER_NAME`, `TRIGGER_GROUP`, `CRON_EXPRESSION`, `TIME_ZONE_ID`) VALUES ('RenrenScheduler', 'TASK_1724361502380650497', 'DEFAULT', '0 0 0 * * ?', 'Asia/Shanghai');
INSERT INTO `qrtz_cron_triggers` (`SCHED_NAME`, `TRIGGER_NAME`, `TRIGGER_GROUP`, `CRON_EXPRESSION`, `TIME_ZONE_ID`) VALUES ('RenrenScheduler', 'TASK_1727953943792742402', 'DEFAULT', '0 0 0 * * ?', 'Asia/Shanghai');
COMMIT;

-- ----------------------------
-- Table structure for qrtz_fired_triggers
-- ----------------------------
DROP TABLE IF EXISTS `qrtz_fired_triggers`;
CREATE TABLE `qrtz_fired_triggers` (
  `SCHED_NAME` varchar(120) NOT NULL,
  `ENTRY_ID` varchar(95) NOT NULL,
  `TRIGGER_NAME` varchar(200) NOT NULL,
  `TRIGGER_GROUP` varchar(200) NOT NULL,
  `INSTANCE_NAME` varchar(200) NOT NULL,
  `FIRED_TIME` bigint NOT NULL,
  `SCHED_TIME` bigint NOT NULL,
  `PRIORITY` int NOT NULL,
  `STATE` varchar(16) NOT NULL,
  `JOB_NAME` varchar(200) DEFAULT NULL,
  `JOB_GROUP` varchar(200) DEFAULT NULL,
  `IS_NONCONCURRENT` varchar(1) DEFAULT NULL,
  `REQUESTS_RECOVERY` varchar(1) DEFAULT NULL,
  PRIMARY KEY (`SCHED_NAME`,`ENTRY_ID`),
  KEY `IDX_QRTZ_FT_TRIG_INST_NAME` (`SCHED_NAME`,`INSTANCE_NAME`),
  KEY `IDX_QRTZ_FT_INST_JOB_REQ_RCVRY` (`SCHED_NAME`,`INSTANCE_NAME`,`REQUESTS_RECOVERY`),
  KEY `IDX_QRTZ_FT_J_G` (`SCHED_NAME`,`JOB_NAME`,`JOB_GROUP`),
  KEY `IDX_QRTZ_FT_JG` (`SCHED_NAME`,`JOB_GROUP`),
  KEY `IDX_QRTZ_FT_T_G` (`SCHED_NAME`,`TRIGGER_NAME`,`TRIGGER_GROUP`),
  KEY `IDX_QRTZ_FT_TG` (`SCHED_NAME`,`TRIGGER_GROUP`)
) ENGINE=InnoDB DEFAULT CHARSET=utf8mb3;

-- ----------------------------
-- Records of qrtz_fired_triggers
-- ----------------------------
BEGIN;
COMMIT;

-- ----------------------------
-- Table structure for qrtz_job_details
-- ----------------------------
DROP TABLE IF EXISTS `qrtz_job_details`;
CREATE TABLE `qrtz_job_details` (
  `SCHED_NAME` varchar(120) NOT NULL,
  `JOB_NAME` varchar(200) NOT NULL,
  `JOB_GROUP` varchar(200) NOT NULL,
  `DESCRIPTION` varchar(250) DEFAULT NULL,
  `JOB_CLASS_NAME` varchar(250) NOT NULL,
  `IS_DURABLE` varchar(1) NOT NULL,
  `IS_NONCONCURRENT` varchar(1) NOT NULL,
  `IS_UPDATE_DATA` varchar(1) NOT NULL,
  `REQUESTS_RECOVERY` varchar(1) NOT NULL,
  `JOB_DATA` blob,
  PRIMARY KEY (`SCHED_NAME`,`JOB_NAME`,`JOB_GROUP`),
  KEY `IDX_QRTZ_J_REQ_RECOVERY` (`SCHED_NAME`,`REQUESTS_RECOVERY`),
  KEY `IDX_QRTZ_J_GRP` (`SCHED_NAME`,`JOB_GROUP`)
) ENGINE=InnoDB DEFAULT CHARSET=utf8mb3;

-- ----------------------------
-- Records of qrtz_job_details
-- ----------------------------
BEGIN;
INSERT INTO `qrtz_job_details` (`SCHED_NAME`, `JOB_NAME`, `JOB_GROUP`, `DESCRIPTION`, `JOB_CLASS_NAME`, `IS_DURABLE`, `IS_NONCONCURRENT`, `IS_UPDATE_DATA`, `REQUESTS_RECOVERY`, `JOB_DATA`) VALUES ('RenrenScheduler', 'TASK_1067246875800000076', 'DEFAULT', NULL, 'io.renren.modules.job.utils.ScheduleJob', '0', '0', '0', '0', 0xACED0005737200156F72672E71756172747A2E4A6F62446174614D61709FB083E8BFA9B0CB020000787200266F72672E71756172747A2E7574696C732E537472696E674B65794469727479466C61674D61708208E8C3FBC55D280200015A0013616C6C6F77735472616E7369656E74446174617872001D6F72672E71756172747A2E7574696C732E4469727479466C61674D617013E62EAD28760ACE0200025A000564697274794C00036D617074000F4C6A6176612F7574696C2F4D61703B787001737200116A6176612E7574696C2E486173684D61700507DAC1C31660D103000246000A6C6F6164466163746F724900097468726573686F6C6478703F4000000000000C7708000000100000000174000D4A4F425F504152414D5F4B45597372002E696F2E72656E72656E2E6D6F64756C65732E6A6F622E656E746974792E5363686564756C654A6F62456E7469747900000000000000010200074C00086265616E4E616D657400124C6A6176612F6C616E672F537472696E673B4C000E63726F6E45787072657373696F6E71007E00094C0006706172616D7371007E00094C000672656D61726B71007E00094C00067374617475737400134C6A6176612F6C616E672F496E74656765723B4C000A757064617465446174657400104C6A6176612F7574696C2F446174653B4C0007757064617465727400104C6A6176612F6C616E672F4C6F6E673B78720022696F2E72656E72656E2E636F6D6D6F6E2E656E746974792E42617365456E74697479FB83923222FF87B90200034C000A6372656174654461746571007E000B4C000763726561746F7271007E000C4C0002696471007E000C78707372000E6A6176612E7574696C2E44617465686A81014B597419030000787077080000018BB78BFA30787372000E6A6176612E6C616E672E4C6F6E673B8BE490CC8F23DF0200014A000576616C7565787200106A6176612E6C616E672E4E756D62657286AC951D0B94E08B02000078700ECF9F6107B456017371007E00110ECF9F6107B4564C740008746573745461736B74000E3020302F3330202A202A202A203F74000672656E72656E740025E69C89E58F82E6B58BE8AF95EFBC8CE5A49AE4B8AAE58F82E695B0E4BDBFE794A86A736F6E737200116A6176612E6C616E672E496E746567657212E2A0A4F781873802000149000576616C75657871007E0012000000007371007E000F77080000018BB78BFA30787371007E00110ECF9F6107B456017800);
INSERT INTO `qrtz_job_details` (`SCHED_NAME`, `JOB_NAME`, `JOB_GROUP`, `DESCRIPTION`, `JOB_CLASS_NAME`, `IS_DURABLE`, `IS_NONCONCURRENT`, `IS_UPDATE_DATA`, `REQUESTS_RECOVERY`, `JOB_DATA`) VALUES ('RenrenScheduler', 'TASK_1724323986407444482', 'DEFAULT', NULL, 'io.renren.modules.job.utils.ScheduleJob', '0', '0', '0', '0', 0xACED0005737200156F72672E71756172747A2E4A6F62446174614D61709FB083E8BFA9B0CB020000787200266F72672E71756172747A2E7574696C732E537472696E674B65794469727479466C61674D61708208E8C3FBC55D280200015A0013616C6C6F77735472616E7369656E74446174617872001D6F72672E71756172747A2E7574696C732E4469727479466C61674D617013E62EAD28760ACE0200025A000564697274794C00036D617074000F4C6A6176612F7574696C2F4D61703B787001737200116A6176612E7574696C2E486173684D61700507DAC1C31660D103000246000A6C6F6164466163746F724900097468726573686F6C6478703F4000000000000C7708000000100000000174000D4A4F425F504152414D5F4B45597372002E696F2E72656E72656E2E6D6F64756C65732E6A6F622E656E746974792E5363686564756C654A6F62456E7469747900000000000000010200074C00086265616E4E616D657400124C6A6176612F6C616E672F537472696E673B4C000E63726F6E45787072657373696F6E71007E00094C0006706172616D7371007E00094C000672656D61726B71007E00094C00067374617475737400134C6A6176612F6C616E672F496E74656765723B4C000A757064617465446174657400104C6A6176612F7574696C2F446174653B4C0007757064617465727400104C6A6176612F6C616E672F4C6F6E673B78720022696F2E72656E72656E2E636F6D6D6F6E2E656E746974792E42617365456E74697479FB83923222FF87B90200034C000A6372656174654461746571007E000B4C000763726561746F7271007E000C4C0002696471007E000C78707372000E6A6176612E7574696C2E44617465686A81014B597419030000787077080000018BCCAB2240787372000E6A6176612E6C616E672E4C6F6E673B8BE490CC8F23DF0200014A000576616C7565787200106A6176612E6C616E672E4E756D62657286AC951D0B94E08B02000078700ECF9F6107B456017371007E001117EE07879F805002740007636D735461736B74000D30203020302F32202A202A203F74000074006DE6AF8F32E4B8AAE5B08FE697B6E68B89E4B880E6ACA1434D53E98787E99B86E6BA90E9878CE99DA2E698AFE590A6E69C89E6B2A1E69C89E585A8E983A8E98787E99B86E8BF87E79A84E8B584E6BA902CE5A682E69E9CE69C892CE5B0B1E585A8E983A8E98787E99B8631E6ACA1737200116A6176612E6C616E672E496E746567657212E2A0A4F781873802000149000576616C75657871007E00120000000171007E001071007E00137800);
INSERT INTO `qrtz_job_details` (`SCHED_NAME`, `JOB_NAME`, `JOB_GROUP`, `DESCRIPTION`, `JOB_CLASS_NAME`, `IS_DURABLE`, `IS_NONCONCURRENT`, `IS_UPDATE_DATA`, `REQUESTS_RECOVERY`, `JOB_DATA`) VALUES ('RenrenScheduler', 'TASK_1724361502380650497', 'DEFAULT', NULL, 'io.renren.modules.job.utils.ScheduleJob', '0', '0', '0', '0', 0xACED0005737200156F72672E71756172747A2E4A6F62446174614D61709FB083E8BFA9B0CB020000787200266F72672E71756172747A2E7574696C732E537472696E674B65794469727479466C61674D61708208E8C3FBC55D280200015A0013616C6C6F77735472616E7369656E74446174617872001D6F72672E71756172747A2E7574696C732E4469727479466C61674D617013E62EAD28760ACE0200025A000564697274794C00036D617074000F4C6A6176612F7574696C2F4D61703B787001737200116A6176612E7574696C2E486173684D61700507DAC1C31660D103000246000A6C6F6164466163746F724900097468726573686F6C6478703F4000000000000C7708000000100000000174000D4A4F425F504152414D5F4B45597372002E696F2E72656E72656E2E6D6F64756C65732E6A6F622E656E746974792E5363686564756C654A6F62456E7469747900000000000000010200074C00086265616E4E616D657400124C6A6176612F6C616E672F537472696E673B4C000E63726F6E45787072657373696F6E71007E00094C0006706172616D7371007E00094C000672656D61726B71007E00094C00067374617475737400134C6A6176612F6C616E672F496E74656765723B4C000A757064617465446174657400104C6A6176612F7574696C2F446174653B4C0007757064617465727400104C6A6176612F6C616E672F4C6F6E673B78720022696F2E72656E72656E2E636F6D6D6F6E2E656E746974792E42617365456E74697479FB83923222FF87B90200034C000A6372656174654461746571007E000B4C000763726561746F7271007E000C4C0002696471007E000C78707372000E6A6176612E7574696C2E44617465686A81014B597419030000787077080000018BCD339E10787372000E6A6176612E6C616E672E4C6F6E673B8BE490CC8F23DF0200014A000576616C7565787200106A6176612E6C616E672E4E756D62657286AC951D0B94E08B02000078700ECF9F6107B456017371007E001117EE29A67DC1F00174000F636D7345766572794461795461736B74000B3020302030202A202A203F74000074002EE6AF8FE5A4A9E99BB6E782B9E68B89E58F9631E6ACA1E8B584E6BA9020E69C80E8BF913234E5B08FE697B6E79A84737200116A6176612E6C616E672E496E746567657212E2A0A4F781873802000149000576616C75657871007E0012000000007371007E000F77080000018BCD339E10787371007E00110ECF9F6107B456017800);
INSERT INTO `qrtz_job_details` (`SCHED_NAME`, `JOB_NAME`, `JOB_GROUP`, `DESCRIPTION`, `JOB_CLASS_NAME`, `IS_DURABLE`, `IS_NONCONCURRENT`, `IS_UPDATE_DATA`, `REQUESTS_RECOVERY`, `JOB_DATA`) VALUES ('RenrenScheduler', 'TASK_1727953943792742402', 'DEFAULT', NULL, 'io.renren.modules.job.utils.ScheduleJob', '0', '0', '0', '0', 0xACED0005737200156F72672E71756172747A2E4A6F62446174614D61709FB083E8BFA9B0CB020000787200266F72672E71756172747A2E7574696C732E537472696E674B65794469727479466C61674D61708208E8C3FBC55D280200015A0013616C6C6F77735472616E7369656E74446174617872001D6F72672E71756172747A2E7574696C732E4469727479466C61674D617013E62EAD28760ACE0200025A000564697274794C00036D617074000F4C6A6176612F7574696C2F4D61703B787001737200116A6176612E7574696C2E486173684D61700507DAC1C31660D103000246000A6C6F6164466163746F724900097468726573686F6C6478703F4000000000000C7708000000100000000174000D4A4F425F504152414D5F4B45597372002E696F2E72656E72656E2E6D6F64756C65732E6A6F622E656E746974792E5363686564756C654A6F62456E7469747900000000000000010200074C00086265616E4E616D657400124C6A6176612F6C616E672F537472696E673B4C000E63726F6E45787072657373696F6E71007E00094C0006706172616D7371007E00094C000672656D61726B71007E00094C00067374617475737400134C6A6176612F6C616E672F496E74656765723B4C000A757064617465446174657400104C6A6176612F7574696C2F446174653B4C0007757064617465727400104C6A6176612F6C616E672F4C6F6E673B78720022696F2E72656E72656E2E636F6D6D6F6E2E656E746974792E42617365456E74697479FB83923222FF87B90200034C000A6372656174654461746571007E000B4C000763726561746F7271007E000C4C0002696471007E000C78707372000E6A6176612E7574696C2E44617465686A81014B597419030000787077080000018C0040D782787372000E6A6176612E6C616E672E4C6F6E673B8BE490CC8F23DF0200014A000576616C7565787200106A6176612E6C616E672E4E756D62657286AC951D0B94E08B02000078700ECF9F6107B456017371007E001117FAECF4F00070027400116E6F76656C45766572794461795461736B74000B3020302030202A202A203F740000740039E6AF8FE5A4A9E5878CE699A8E68B89E58F96E59CA8E5BA93E79A84E5B08FE8AFB4E698AFE590A6E69C89E69BB4E696B0E79A84E7ABA0E88A82737200116A6176612E6C616E672E496E746567657212E2A0A4F781873802000149000576616C75657871007E00120000000171007E001071007E00137800);
COMMIT;

-- ----------------------------
-- Table structure for qrtz_locks
-- ----------------------------
DROP TABLE IF EXISTS `qrtz_locks`;
CREATE TABLE `qrtz_locks` (
  `SCHED_NAME` varchar(120) NOT NULL,
  `LOCK_NAME` varchar(40) NOT NULL,
  PRIMARY KEY (`SCHED_NAME`,`LOCK_NAME`)
) ENGINE=InnoDB DEFAULT CHARSET=utf8mb3;

-- ----------------------------
-- Records of qrtz_locks
-- ----------------------------
BEGIN;
INSERT INTO `qrtz_locks` (`SCHED_NAME`, `LOCK_NAME`) VALUES ('RenrenScheduler', 'STATE_ACCESS');
INSERT INTO `qrtz_locks` (`SCHED_NAME`, `LOCK_NAME`) VALUES ('RenrenScheduler', 'TRIGGER_ACCESS');
COMMIT;

-- ----------------------------
-- Table structure for qrtz_paused_trigger_grps
-- ----------------------------
DROP TABLE IF EXISTS `qrtz_paused_trigger_grps`;
CREATE TABLE `qrtz_paused_trigger_grps` (
  `SCHED_NAME` varchar(120) NOT NULL,
  `TRIGGER_GROUP` varchar(200) NOT NULL,
  PRIMARY KEY (`SCHED_NAME`,`TRIGGER_GROUP`)
) ENGINE=InnoDB DEFAULT CHARSET=utf8mb3;

-- ----------------------------
-- Records of qrtz_paused_trigger_grps
-- ----------------------------
BEGIN;
COMMIT;

-- ----------------------------
-- Table structure for qrtz_scheduler_state
-- ----------------------------
DROP TABLE IF EXISTS `qrtz_scheduler_state`;
CREATE TABLE `qrtz_scheduler_state` (
  `SCHED_NAME` varchar(120) NOT NULL,
  `INSTANCE_NAME` varchar(200) NOT NULL,
  `LAST_CHECKIN_TIME` bigint NOT NULL,
  `CHECKIN_INTERVAL` bigint NOT NULL,
  PRIMARY KEY (`SCHED_NAME`,`INSTANCE_NAME`)
) ENGINE=InnoDB DEFAULT CHARSET=utf8mb3;

-- ----------------------------
-- Records of qrtz_scheduler_state
-- ----------------------------
BEGIN;
INSERT INTO `qrtz_scheduler_state` (`SCHED_NAME`, `INSTANCE_NAME`, `LAST_CHECKIN_TIME`, `CHECKIN_INTERVAL`) VALUES ('RenrenScheduler', 'shicandeMacBook-Pro.local1706261614198', 1706261678534, 15000);
COMMIT;

-- ----------------------------
-- Table structure for qrtz_simple_triggers
-- ----------------------------
DROP TABLE IF EXISTS `qrtz_simple_triggers`;
CREATE TABLE `qrtz_simple_triggers` (
  `SCHED_NAME` varchar(120) NOT NULL,
  `TRIGGER_NAME` varchar(200) NOT NULL,
  `TRIGGER_GROUP` varchar(200) NOT NULL,
  `REPEAT_COUNT` bigint NOT NULL,
  `REPEAT_INTERVAL` bigint NOT NULL,
  `TIMES_TRIGGERED` bigint NOT NULL,
  PRIMARY KEY (`SCHED_NAME`,`TRIGGER_NAME`,`TRIGGER_GROUP`),
  CONSTRAINT `qrtz_simple_triggers_ibfk_1` FOREIGN KEY (`SCHED_NAME`, `TRIGGER_NAME`, `TRIGGER_GROUP`) REFERENCES `qrtz_triggers` (`SCHED_NAME`, `TRIGGER_NAME`, `TRIGGER_GROUP`)
) ENGINE=InnoDB DEFAULT CHARSET=utf8mb3;

-- ----------------------------
-- Records of qrtz_simple_triggers
-- ----------------------------
BEGIN;
COMMIT;

-- ----------------------------
-- Table structure for qrtz_simprop_triggers
-- ----------------------------
DROP TABLE IF EXISTS `qrtz_simprop_triggers`;
CREATE TABLE `qrtz_simprop_triggers` (
  `SCHED_NAME` varchar(120) NOT NULL,
  `TRIGGER_NAME` varchar(200) NOT NULL,
  `TRIGGER_GROUP` varchar(200) NOT NULL,
  `STR_PROP_1` varchar(512) DEFAULT NULL,
  `STR_PROP_2` varchar(512) DEFAULT NULL,
  `STR_PROP_3` varchar(512) DEFAULT NULL,
  `INT_PROP_1` int DEFAULT NULL,
  `INT_PROP_2` int DEFAULT NULL,
  `LONG_PROP_1` bigint DEFAULT NULL,
  `LONG_PROP_2` bigint DEFAULT NULL,
  `DEC_PROP_1` decimal(13,4) DEFAULT NULL,
  `DEC_PROP_2` decimal(13,4) DEFAULT NULL,
  `BOOL_PROP_1` varchar(1) DEFAULT NULL,
  `BOOL_PROP_2` varchar(1) DEFAULT NULL,
  PRIMARY KEY (`SCHED_NAME`,`TRIGGER_NAME`,`TRIGGER_GROUP`),
  CONSTRAINT `qrtz_simprop_triggers_ibfk_1` FOREIGN KEY (`SCHED_NAME`, `TRIGGER_NAME`, `TRIGGER_GROUP`) REFERENCES `qrtz_triggers` (`SCHED_NAME`, `TRIGGER_NAME`, `TRIGGER_GROUP`)
) ENGINE=InnoDB DEFAULT CHARSET=utf8mb3;

-- ----------------------------
-- Records of qrtz_simprop_triggers
-- ----------------------------
BEGIN;
COMMIT;

-- ----------------------------
-- Table structure for qrtz_triggers
-- ----------------------------
DROP TABLE IF EXISTS `qrtz_triggers`;
CREATE TABLE `qrtz_triggers` (
  `SCHED_NAME` varchar(120) NOT NULL,
  `TRIGGER_NAME` varchar(200) NOT NULL,
  `TRIGGER_GROUP` varchar(200) NOT NULL,
  `JOB_NAME` varchar(200) NOT NULL,
  `JOB_GROUP` varchar(200) NOT NULL,
  `DESCRIPTION` varchar(250) DEFAULT NULL,
  `NEXT_FIRE_TIME` bigint DEFAULT NULL,
  `PREV_FIRE_TIME` bigint DEFAULT NULL,
  `PRIORITY` int DEFAULT NULL,
  `TRIGGER_STATE` varchar(16) NOT NULL,
  `TRIGGER_TYPE` varchar(8) NOT NULL,
  `START_TIME` bigint NOT NULL,
  `END_TIME` bigint DEFAULT NULL,
  `CALENDAR_NAME` varchar(200) DEFAULT NULL,
  `MISFIRE_INSTR` smallint DEFAULT NULL,
  `JOB_DATA` blob,
  PRIMARY KEY (`SCHED_NAME`,`TRIGGER_NAME`,`TRIGGER_GROUP`),
  KEY `IDX_QRTZ_T_J` (`SCHED_NAME`,`JOB_NAME`,`JOB_GROUP`),
  KEY `IDX_QRTZ_T_JG` (`SCHED_NAME`,`JOB_GROUP`),
  KEY `IDX_QRTZ_T_C` (`SCHED_NAME`,`CALENDAR_NAME`),
  KEY `IDX_QRTZ_T_G` (`SCHED_NAME`,`TRIGGER_GROUP`),
  KEY `IDX_QRTZ_T_STATE` (`SCHED_NAME`,`TRIGGER_STATE`),
  KEY `IDX_QRTZ_T_N_STATE` (`SCHED_NAME`,`TRIGGER_NAME`,`TRIGGER_GROUP`,`TRIGGER_STATE`),
  KEY `IDX_QRTZ_T_N_G_STATE` (`SCHED_NAME`,`TRIGGER_GROUP`,`TRIGGER_STATE`),
  KEY `IDX_QRTZ_T_NEXT_FIRE_TIME` (`SCHED_NAME`,`NEXT_FIRE_TIME`),
  KEY `IDX_QRTZ_T_NFT_ST` (`SCHED_NAME`,`TRIGGER_STATE`,`NEXT_FIRE_TIME`),
  KEY `IDX_QRTZ_T_NFT_MISFIRE` (`SCHED_NAME`,`MISFIRE_INSTR`,`NEXT_FIRE_TIME`),
  KEY `IDX_QRTZ_T_NFT_ST_MISFIRE` (`SCHED_NAME`,`MISFIRE_INSTR`,`NEXT_FIRE_TIME`,`TRIGGER_STATE`),
  KEY `IDX_QRTZ_T_NFT_ST_MISFIRE_GRP` (`SCHED_NAME`,`MISFIRE_INSTR`,`NEXT_FIRE_TIME`,`TRIGGER_GROUP`,`TRIGGER_STATE`),
  CONSTRAINT `qrtz_triggers_ibfk_1` FOREIGN KEY (`SCHED_NAME`, `JOB_NAME`, `JOB_GROUP`) REFERENCES `qrtz_job_details` (`SCHED_NAME`, `JOB_NAME`, `JOB_GROUP`)
) ENGINE=InnoDB DEFAULT CHARSET=utf8mb3;

-- ----------------------------
-- Records of qrtz_triggers
-- ----------------------------
BEGIN;
INSERT INTO `qrtz_triggers` (`SCHED_NAME`, `TRIGGER_NAME`, `TRIGGER_GROUP`, `JOB_NAME`, `JOB_GROUP`, `DESCRIPTION`, `NEXT_FIRE_TIME`, `PREV_FIRE_TIME`, `PRIORITY`, `TRIGGER_STATE`, `TRIGGER_TYPE`, `START_TIME`, `END_TIME`, `CALENDAR_NAME`, `MISFIRE_INSTR`, `JOB_DATA`) VALUES ('RenrenScheduler', 'TASK_1067246875800000076', 'DEFAULT', 'TASK_1067246875800000076', 'DEFAULT', NULL, 1699594200000, -1, 5, 'PAUSED', 'CRON', 1699592449000, 0, NULL, 2, 0xACED0005737200156F72672E71756172747A2E4A6F62446174614D61709FB083E8BFA9B0CB020000787200266F72672E71756172747A2E7574696C732E537472696E674B65794469727479466C61674D61708208E8C3FBC55D280200015A0013616C6C6F77735472616E7369656E74446174617872001D6F72672E71756172747A2E7574696C732E4469727479466C61674D617013E62EAD28760ACE0200025A000564697274794C00036D617074000F4C6A6176612F7574696C2F4D61703B787001737200116A6176612E7574696C2E486173684D61700507DAC1C31660D103000246000A6C6F6164466163746F724900097468726573686F6C6478703F4000000000000C7708000000100000000174000D4A4F425F504152414D5F4B45597372002E696F2E72656E72656E2E6D6F64756C65732E6A6F622E656E746974792E5363686564756C654A6F62456E7469747900000000000000010200074C00086265616E4E616D657400124C6A6176612F6C616E672F537472696E673B4C000E63726F6E45787072657373696F6E71007E00094C0006706172616D7371007E00094C000672656D61726B71007E00094C00067374617475737400134C6A6176612F6C616E672F496E74656765723B4C000A757064617465446174657400104C6A6176612F7574696C2F446174653B4C0007757064617465727400104C6A6176612F6C616E672F4C6F6E673B78720022696F2E72656E72656E2E636F6D6D6F6E2E656E746974792E42617365456E74697479FB83923222FF87B90200034C000A6372656174654461746571007E000B4C000763726561746F7271007E000C4C0002696471007E000C78707372000E6A6176612E7574696C2E44617465686A81014B597419030000787077080000018BB78BFA30787372000E6A6176612E6C616E672E4C6F6E673B8BE490CC8F23DF0200014A000576616C7565787200106A6176612E6C616E672E4E756D62657286AC951D0B94E08B02000078700ECF9F6107B456017371007E00110ECF9F6107B4564C740008746573745461736B74000E3020302F3330202A202A202A203F74000672656E72656E740025E69C89E58F82E6B58BE8AF95EFBC8CE5A49AE4B8AAE58F82E695B0E4BDBFE794A86A736F6E737200116A6176612E6C616E672E496E746567657212E2A0A4F781873802000149000576616C75657871007E0012000000007371007E000F77080000018BB78BFA30787371007E00110ECF9F6107B456017800);
INSERT INTO `qrtz_triggers` (`SCHED_NAME`, `TRIGGER_NAME`, `TRIGGER_GROUP`, `JOB_NAME`, `JOB_GROUP`, `DESCRIPTION`, `NEXT_FIRE_TIME`, `PREV_FIRE_TIME`, `PRIORITY`, `TRIGGER_STATE`, `TRIGGER_TYPE`, `START_TIME`, `END_TIME`, `CALENDAR_NAME`, `MISFIRE_INSTR`, `JOB_DATA`) VALUES ('RenrenScheduler', 'TASK_1724323986407444482', 'DEFAULT', 'TASK_1724323986407444482', 'DEFAULT', NULL, 1699948800000, -1, 5, 'PAUSED', 'CRON', 1699945849000, 0, NULL, 2, 0xACED0005737200156F72672E71756172747A2E4A6F62446174614D61709FB083E8BFA9B0CB020000787200266F72672E71756172747A2E7574696C732E537472696E674B65794469727479466C61674D61708208E8C3FBC55D280200015A0013616C6C6F77735472616E7369656E74446174617872001D6F72672E71756172747A2E7574696C732E4469727479466C61674D617013E62EAD28760ACE0200025A000564697274794C00036D617074000F4C6A6176612F7574696C2F4D61703B787001737200116A6176612E7574696C2E486173684D61700507DAC1C31660D103000246000A6C6F6164466163746F724900097468726573686F6C6478703F4000000000000C7708000000100000000174000D4A4F425F504152414D5F4B45597372002E696F2E72656E72656E2E6D6F64756C65732E6A6F622E656E746974792E5363686564756C654A6F62456E7469747900000000000000010200074C00086265616E4E616D657400124C6A6176612F6C616E672F537472696E673B4C000E63726F6E45787072657373696F6E71007E00094C0006706172616D7371007E00094C000672656D61726B71007E00094C00067374617475737400134C6A6176612F6C616E672F496E74656765723B4C000A757064617465446174657400104C6A6176612F7574696C2F446174653B4C0007757064617465727400104C6A6176612F6C616E672F4C6F6E673B78720022696F2E72656E72656E2E636F6D6D6F6E2E656E746974792E42617365456E74697479FB83923222FF87B90200034C000A6372656174654461746571007E000B4C000763726561746F7271007E000C4C0002696471007E000C78707372000E6A6176612E7574696C2E44617465686A81014B597419030000787077080000018BCCAB20A8787372000E6A6176612E6C616E672E4C6F6E673B8BE490CC8F23DF0200014A000576616C7565787200106A6176612E6C616E672E4E756D62657286AC951D0B94E08B02000078700ECF9F6107B456017371007E001117EE07879F805002740007636D735461736B74000D30203020302F32202A202A203F740000740097E6898BE58AA8E68B89E4B880E6ACA1434D53E98787E99B86E6BA90E9878CE99DA2E698AFE590A6E69C89E6B2A1E69C89E585A8E983A8E98787E99B86E8BF87E79A84E8B584E6BA902CE5A682E69E9CE69C892CE5B0B1E585A8E983A8E98787E99B8631E6ACA12CE6AF8FE6ACA1E6B7BBE58AA0E78EA9E6BA90E4BBA5E5908EE58FAFE4BBA5E6898BE58AA8E8A7A6E58F91E4B880E6ACA1737200116A6176612E6C616E672E496E746567657212E2A0A4F781873802000149000576616C75657871007E0012000000007371007E000F77080000018BCD342E98787371007E00110ECF9F6107B456017800);
INSERT INTO `qrtz_triggers` (`SCHED_NAME`, `TRIGGER_NAME`, `TRIGGER_GROUP`, `JOB_NAME`, `JOB_GROUP`, `DESCRIPTION`, `NEXT_FIRE_TIME`, `PREV_FIRE_TIME`, `PRIORITY`, `TRIGGER_STATE`, `TRIGGER_TYPE`, `START_TIME`, `END_TIME`, `CALENDAR_NAME`, `MISFIRE_INSTR`, `JOB_DATA`) VALUES ('RenrenScheduler', 'TASK_1724361502380650497', 'DEFAULT', 'TASK_1724361502380650497', 'DEFAULT', NULL, 1705420800000, -1, 5, 'PAUSED', 'CRON', 1705374061000, 0, NULL, 2, 0xACED0005737200156F72672E71756172747A2E4A6F62446174614D61709FB083E8BFA9B0CB020000787200266F72672E71756172747A2E7574696C732E537472696E674B65794469727479466C61674D61708208E8C3FBC55D280200015A0013616C6C6F77735472616E7369656E74446174617872001D6F72672E71756172747A2E7574696C732E4469727479466C61674D617013E62EAD28760ACE0200025A000564697274794C00036D617074000F4C6A6176612F7574696C2F4D61703B787001737200116A6176612E7574696C2E486173684D61700507DAC1C31660D103000246000A6C6F6164466163746F724900097468726573686F6C6478703F4000000000000C7708000000100000000174000D4A4F425F504152414D5F4B45597372002E696F2E72656E72656E2E6D6F64756C65732E6A6F622E656E746974792E5363686564756C654A6F62456E7469747900000000000000010200074C00086265616E4E616D657400124C6A6176612F6C616E672F537472696E673B4C000E63726F6E45787072657373696F6E71007E00094C0006706172616D7371007E00094C000672656D61726B71007E00094C00067374617475737400134C6A6176612F6C616E672F496E74656765723B4C000A757064617465446174657400104C6A6176612F7574696C2F446174653B4C0007757064617465727400104C6A6176612F6C616E672F4C6F6E673B78720022696F2E72656E72656E2E636F6D6D6F6E2E656E746974792E42617365456E74697479FB83923222FF87B90200034C000A6372656174654461746571007E000B4C000763726561746F7271007E000C4C0002696471007E000C78707372000E6A6176612E7574696C2E44617465686A81014B597419030000787077080000018BCD339E10787372000E6A6176612E6C616E672E4C6F6E673B8BE490CC8F23DF0200014A000576616C7565787200106A6176612E6C616E672E4E756D62657286AC951D0B94E08B02000078700ECF9F6107B456017371007E001117EE29A67DC1F00174000F636D7345766572794461795461736B74000B3020302030202A202A203F74000074002EE6AF8FE5A4A9E99BB6E782B9E68B89E58F9631E6ACA1E8B584E6BA9020E69C80E8BF913234E5B08FE697B6E79A84737200116A6176612E6C616E672E496E746567657212E2A0A4F781873802000149000576616C75657871007E0012000000007371007E000F77080000018BCD339E10787371007E00110ECF9F6107B456017800);
INSERT INTO `qrtz_triggers` (`SCHED_NAME`, `TRIGGER_NAME`, `TRIGGER_GROUP`, `JOB_NAME`, `JOB_GROUP`, `DESCRIPTION`, `NEXT_FIRE_TIME`, `PREV_FIRE_TIME`, `PRIORITY`, `TRIGGER_STATE`, `TRIGGER_TYPE`, `START_TIME`, `END_TIME`, `CALENDAR_NAME`, `MISFIRE_INSTR`, `JOB_DATA`) VALUES ('RenrenScheduler', 'TASK_1727953943792742402', 'DEFAULT', 'TASK_1727953943792742402', 'DEFAULT', NULL, 1700841600000, -1, 5, 'PAUSED', 'CRON', 1700811298000, 0, NULL, 2, 0xACED0005737200156F72672E71756172747A2E4A6F62446174614D61709FB083E8BFA9B0CB020000787200266F72672E71756172747A2E7574696C732E537472696E674B65794469727479466C61674D61708208E8C3FBC55D280200015A0013616C6C6F77735472616E7369656E74446174617872001D6F72672E71756172747A2E7574696C732E4469727479466C61674D617013E62EAD28760ACE0200025A000564697274794C00036D617074000F4C6A6176612F7574696C2F4D61703B787001737200116A6176612E7574696C2E486173684D61700507DAC1C31660D103000246000A6C6F6164466163746F724900097468726573686F6C6478703F4000000000000C7708000000100000000174000D4A4F425F504152414D5F4B45597372002E696F2E72656E72656E2E6D6F64756C65732E6A6F622E656E746974792E5363686564756C654A6F62456E7469747900000000000000010200074C00086265616E4E616D657400124C6A6176612F6C616E672F537472696E673B4C000E63726F6E45787072657373696F6E71007E00094C0006706172616D7371007E00094C000672656D61726B71007E00094C00067374617475737400134C6A6176612F6C616E672F496E74656765723B4C000A757064617465446174657400104C6A6176612F7574696C2F446174653B4C0007757064617465727400104C6A6176612F6C616E672F4C6F6E673B78720022696F2E72656E72656E2E636F6D6D6F6E2E656E746974792E42617365456E74697479FB83923222FF87B90200034C000A6372656174654461746571007E000B4C000763726561746F7271007E000C4C0002696471007E000C78707372000E6A6176612E7574696C2E44617465686A81014B597419030000787077080000018C0040D8B8787372000E6A6176612E6C616E672E4C6F6E673B8BE490CC8F23DF0200014A000576616C7565787200106A6176612E6C616E672E4E756D62657286AC951D0B94E08B02000078700ECF9F6107B456017371007E001117FAECF4F00070027400116E6F76656C45766572794461795461736B74000B3020302030202A202A203F740000740039E6AF8FE5A4A9E5878CE699A8E68B89E58F96E59CA8E5BA93E79A84E5B08FE8AFB4E698AFE590A6E69C89E69BB4E696B0E79A84E7ABA0E88A82737200116A6176612E6C616E672E496E746567657212E2A0A4F781873802000149000576616C75657871007E0012000000007371007E000F77080000018C0040D8B8787371007E00110ECF9F6107B456017800);
COMMIT;

-- ----------------------------
-- Table structure for schedule_job
-- ----------------------------
DROP TABLE IF EXISTS `schedule_job`;
CREATE TABLE `schedule_job` (
  `id` bigint NOT NULL COMMENT 'id',
  `bean_name` varchar(200) DEFAULT NULL COMMENT 'spring bean名称',
  `params` varchar(2000) DEFAULT NULL COMMENT '参数',
  `cron_expression` varchar(100) DEFAULT NULL COMMENT 'cron表达式',
  `status` tinyint unsigned DEFAULT NULL COMMENT '任务状态  0：暂停  1：正常',
  `remark` varchar(255) DEFAULT NULL COMMENT '备注',
  `creator` bigint DEFAULT NULL COMMENT '创建者',
  `create_date` datetime DEFAULT NULL COMMENT '创建时间',
  `updater` bigint DEFAULT NULL COMMENT '更新者',
  `update_date` datetime DEFAULT NULL COMMENT '更新时间',
  PRIMARY KEY (`id`),
  KEY `idx_create_date` (`create_date`)
) ENGINE=InnoDB DEFAULT CHARSET=utf8mb4 COLLATE=utf8mb4_0900_ai_ci COMMENT='定时任务';

-- ----------------------------
-- Records of schedule_job
-- ----------------------------
BEGIN;
INSERT INTO `schedule_job` (`id`, `bean_name`, `params`, `cron_expression`, `status`, `remark`, `creator`, `create_date`, `updater`, `update_date`) VALUES (1067246875800000076, 'testTask', 'renren', '0 0/30 * * * ?', 0, '有参测试，多个参数使用json', 1067246875800000001, '2023-11-10 12:44:46', 1067246875800000001, '2023-11-10 12:44:46');
INSERT INTO `schedule_job` (`id`, `bean_name`, `params`, `cron_expression`, `status`, `remark`, `creator`, `create_date`, `updater`, `update_date`) VALUES (1724323986407444482, 'cmsTask', '', '0 0 0/2 * * ?', 0, '手动拉一次CMS采集源里面是否有没有全部采集过的资源,如果有,就全部采集1次,每次添加玩源以后可以手动触发一次', 1067246875800000001, '2023-11-14 15:10:49', 1067246875800000001, '2023-11-14 17:40:31');
INSERT INTO `schedule_job` (`id`, `bean_name`, `params`, `cron_expression`, `status`, `remark`, `creator`, `create_date`, `updater`, `update_date`) VALUES (1724361502380650497, 'cmsEveryDayTask', '', '0 0 0 * * ?', 0, '每天零点拉取1次资源 最近24小时的', 1067246875800000001, '2023-11-14 17:39:54', 1067246875800000001, '2023-11-14 17:39:54');
INSERT INTO `schedule_job` (`id`, `bean_name`, `params`, `cron_expression`, `status`, `remark`, `creator`, `create_date`, `updater`, `update_date`) VALUES (1727953943792742402, 'novelEveryDayTask', '', '0 0 0 * * ?', 0, '每天凌晨拉取在库的小说是否有更新的章节', 1067246875800000001, '2023-11-24 15:34:59', 1067246875800000001, '2023-11-24 15:34:59');
COMMIT;

-- ----------------------------
-- Table structure for schedule_job_log
-- ----------------------------
DROP TABLE IF EXISTS `schedule_job_log`;
CREATE TABLE `schedule_job_log` (
  `id` bigint NOT NULL COMMENT 'id',
  `job_id` bigint NOT NULL COMMENT '任务id',
  `bean_name` varchar(200) DEFAULT NULL COMMENT 'spring bean名称',
  `params` varchar(2000) DEFAULT NULL COMMENT '参数',
  `status` tinyint unsigned NOT NULL COMMENT '任务状态    0：失败    1：成功',
  `error` varchar(2000) DEFAULT NULL COMMENT '失败信息',
  `times` int NOT NULL COMMENT '耗时(单位：毫秒)',
  `create_date` datetime DEFAULT NULL COMMENT '创建时间',
  PRIMARY KEY (`id`),
  KEY `idx_job_id` (`job_id`),
  KEY `idx_create_date` (`create_date`)
) ENGINE=InnoDB DEFAULT CHARSET=utf8mb4 COLLATE=utf8mb4_0900_ai_ci COMMENT='定时任务日志';

-- ----------------------------
-- Records of schedule_job_log
-- ----------------------------
BEGIN;
INSERT INTO `schedule_job_log` (`id`, `job_id`, `bean_name`, `params`, `status`, `error`, `times`, `create_date`) VALUES (1723271850869514241, 1067246875800000076, 'testTask', 'renren', 1, NULL, 6, '2023-11-11 17:30:01');
INSERT INTO `schedule_job_log` (`id`, `job_id`, `bean_name`, `params`, `status`, `error`, `times`, `create_date`) VALUES (1724337781834117121, 1724323986407444482, 'cmsTask', '', 1, NULL, 25932, '2023-11-14 16:05:13');
INSERT INTO `schedule_job_log` (`id`, `job_id`, `bean_name`, `params`, `status`, `error`, `times`, `create_date`) VALUES (1724345947837714434, 1724323986407444482, 'cmsTask', '', 1, NULL, 392, '2023-11-14 16:38:05');
INSERT INTO `schedule_job_log` (`id`, `job_id`, `bean_name`, `params`, `status`, `error`, `times`, `create_date`) VALUES (1724352133523787778, 1724323986407444482, 'cmsTask', '', 1, NULL, 101, '2023-11-14 17:02:40');
INSERT INTO `schedule_job_log` (`id`, `job_id`, `bean_name`, `params`, `status`, `error`, `times`, `create_date`) VALUES (1724352405885112321, 1724323986407444482, 'cmsTask', '', 1, NULL, 7771, '2023-11-14 17:03:37');
INSERT INTO `schedule_job_log` (`id`, `job_id`, `bean_name`, `params`, `status`, `error`, `times`, `create_date`) VALUES (1724819547241320449, 1724361502380650497, 'cmsEveryDayTask', '', 1, NULL, 184, '2023-11-16 00:00:00');
INSERT INTO `schedule_job_log` (`id`, `job_id`, `bean_name`, `params`, `status`, `error`, `times`, `create_date`) VALUES (1725181934372917249, 1724361502380650497, 'cmsEveryDayTask', '', 1, NULL, 88, '2023-11-17 00:00:00');
INSERT INTO `schedule_job_log` (`id`, `job_id`, `bean_name`, `params`, `status`, `error`, `times`, `create_date`) VALUES (1725544329226784770, 1724361502380650497, 'cmsEveryDayTask', '', 1, NULL, 579, '2023-11-18 00:00:01');
INSERT INTO `schedule_job_log` (`id`, `job_id`, `bean_name`, `params`, `status`, `error`, `times`, `create_date`) VALUES (1725906712407347201, 1724361502380650497, 'cmsEveryDayTask', '', 1, NULL, 156, '2023-11-19 00:00:01');
INSERT INTO `schedule_job_log` (`id`, `job_id`, `bean_name`, `params`, `status`, `error`, `times`, `create_date`) VALUES (1726269101380243457, 1724361502380650497, 'cmsEveryDayTask', '', 1, NULL, 100, '2023-11-20 00:00:01');
INSERT INTO `schedule_job_log` (`id`, `job_id`, `bean_name`, `params`, `status`, `error`, `times`, `create_date`) VALUES (1726631486409949185, 1724361502380650497, 'cmsEveryDayTask', '', 1, NULL, 179, '2023-11-21 00:00:00');
INSERT INTO `schedule_job_log` (`id`, `job_id`, `bean_name`, `params`, `status`, `error`, `times`, `create_date`) VALUES (1726993874049056770, 1724361502380650497, 'cmsEveryDayTask', '', 1, NULL, 163, '2023-11-22 00:00:00');
INSERT INTO `schedule_job_log` (`id`, `job_id`, `bean_name`, `params`, `status`, `error`, `times`, `create_date`) VALUES (1727356261696552961, 1724361502380650497, 'cmsEveryDayTask', '', 1, NULL, 122, '2023-11-23 00:00:00');
INSERT INTO `schedule_job_log` (`id`, `job_id`, `bean_name`, `params`, `status`, `error`, `times`, `create_date`) VALUES (1727718649423740930, 1724361502380650497, 'cmsEveryDayTask', '', 1, NULL, 97, '2023-11-24 00:00:00');
INSERT INTO `schedule_job_log` (`id`, `job_id`, `bean_name`, `params`, `status`, `error`, `times`, `create_date`) VALUES (1743301329700265986, 1724361502380650497, 'cmsEveryDayTask', '', 0, 'org.springframework.beans.factory.NoSuchBeanDefinitionException: No bean named \'cmsEveryDayTask\' available\n	at org.springframework.beans.factory.support.DefaultListableBeanFactory.getBeanDefinition(DefaultListableBeanFactory.java:874)\n	at org.springframework.beans.factory.support.AbstractBeanFactory.getMergedLocalBeanDefinition(AbstractBeanFactory.java:1344)\n	at org.springframework.beans.factory.support.AbstractBeanFactory.doGetBean(AbstractBeanFactory.java:309)\n	at org.springframework.beans.factory.support.AbstractBeanFactory.getBean(AbstractBeanFactory.java:208)\n	at org.springframework.context.support.AbstractApplicationContext.getBean(AbstractApplicationContext.java:1154)\n	at io.renren.common.utils.SpringContextUtils.getBean(SpringContextUtils.java:32)\n	at io.renren.modules.job.utils.ScheduleJob.executeInternal(ScheduleJob.java:52)\n	at org.springframework.scheduling.quartz.QuartzJobBean.execute(QuartzJobBean.java:75)\n	at org.quartz.core.JobRunShell.run(JobRunShell.java:202)\n	at org.quartz.simpl.SimpleThreadPool$WorkerThread.run(SimpleThreadPool.java:573)\n', 25, '2024-01-06 00:00:01');
INSERT INTO `schedule_job_log` (`id`, `job_id`, `bean_name`, `params`, `status`, `error`, `times`, `create_date`) VALUES (1743301333378670594, 1727953943792742402, 'novelEveryDayTask', '', 0, 'org.springframework.beans.factory.NoSuchBeanDefinitionException: No bean named \'novelEveryDayTask\' available\n	at org.springframework.beans.factory.support.DefaultListableBeanFactory.getBeanDefinition(DefaultListableBeanFactory.java:874)\n	at org.springframework.beans.factory.support.AbstractBeanFactory.getMergedLocalBeanDefinition(AbstractBeanFactory.java:1344)\n	at org.springframework.beans.factory.support.AbstractBeanFactory.doGetBean(AbstractBeanFactory.java:309)\n	at org.springframework.beans.factory.support.AbstractBeanFactory.getBean(AbstractBeanFactory.java:208)\n	at org.springframework.context.support.AbstractApplicationContext.getBean(AbstractApplicationContext.java:1154)\n	at io.renren.common.utils.SpringContextUtils.getBean(SpringContextUtils.java:32)\n	at io.renren.modules.job.utils.ScheduleJob.executeInternal(ScheduleJob.java:52)\n	at org.springframework.scheduling.quartz.QuartzJobBean.execute(QuartzJobBean.java:75)\n	at org.quartz.core.JobRunShell.run(JobRunShell.java:202)\n	at org.quartz.simpl.SimpleThreadPool$WorkerThread.run(SimpleThreadPool.java:573)\n', 10, '2024-01-06 00:00:01');
INSERT INTO `schedule_job_log` (`id`, `job_id`, `bean_name`, `params`, `status`, `error`, `times`, `create_date`) VALUES (1743663717184184321, 1724361502380650497, 'cmsEveryDayTask', '', 0, 'org.springframework.beans.factory.NoSuchBeanDefinitionException: No bean named \'cmsEveryDayTask\' available\n	at org.springframework.beans.factory.support.DefaultListableBeanFactory.getBeanDefinition(DefaultListableBeanFactory.java:874)\n	at org.springframework.beans.factory.support.AbstractBeanFactory.getMergedLocalBeanDefinition(AbstractBeanFactory.java:1344)\n	at org.springframework.beans.factory.support.AbstractBeanFactory.doGetBean(AbstractBeanFactory.java:309)\n	at org.springframework.beans.factory.support.AbstractBeanFactory.getBean(AbstractBeanFactory.java:208)\n	at org.springframework.context.support.AbstractApplicationContext.getBean(AbstractApplicationContext.java:1154)\n	at io.renren.common.utils.SpringContextUtils.getBean(SpringContextUtils.java:32)\n	at io.renren.modules.job.utils.ScheduleJob.executeInternal(ScheduleJob.java:52)\n	at org.springframework.scheduling.quartz.QuartzJobBean.execute(QuartzJobBean.java:75)\n	at org.quartz.core.JobRunShell.run(JobRunShell.java:202)\n	at org.quartz.simpl.SimpleThreadPool$WorkerThread.run(SimpleThreadPool.java:573)\n', 26, '2024-01-07 00:00:01');
INSERT INTO `schedule_job_log` (`id`, `job_id`, `bean_name`, `params`, `status`, `error`, `times`, `create_date`) VALUES (1743663721202327554, 1727953943792742402, 'novelEveryDayTask', '', 0, 'org.springframework.beans.factory.NoSuchBeanDefinitionException: No bean named \'novelEveryDayTask\' available\n	at org.springframework.beans.factory.support.DefaultListableBeanFactory.getBeanDefinition(DefaultListableBeanFactory.java:874)\n	at org.springframework.beans.factory.support.AbstractBeanFactory.getMergedLocalBeanDefinition(AbstractBeanFactory.java:1344)\n	at org.springframework.beans.factory.support.AbstractBeanFactory.doGetBean(AbstractBeanFactory.java:309)\n	at org.springframework.beans.factory.support.AbstractBeanFactory.getBean(AbstractBeanFactory.java:208)\n	at org.springframework.context.support.AbstractApplicationContext.getBean(AbstractApplicationContext.java:1154)\n	at io.renren.common.utils.SpringContextUtils.getBean(SpringContextUtils.java:32)\n	at io.renren.modules.job.utils.ScheduleJob.executeInternal(ScheduleJob.java:52)\n	at org.springframework.scheduling.quartz.QuartzJobBean.execute(QuartzJobBean.java:75)\n	at org.quartz.core.JobRunShell.run(JobRunShell.java:202)\n	at org.quartz.simpl.SimpleThreadPool$WorkerThread.run(SimpleThreadPool.java:573)\n', 8, '2024-01-07 00:00:01');
INSERT INTO `schedule_job_log` (`id`, `job_id`, `bean_name`, `params`, `status`, `error`, `times`, `create_date`) VALUES (1744026105112698882, 1724361502380650497, 'cmsEveryDayTask', '', 0, 'org.springframework.beans.factory.NoSuchBeanDefinitionException: No bean named \'cmsEveryDayTask\' available\n	at org.springframework.beans.factory.support.DefaultListableBeanFactory.getBeanDefinition(DefaultListableBeanFactory.java:874)\n	at org.springframework.beans.factory.support.AbstractBeanFactory.getMergedLocalBeanDefinition(AbstractBeanFactory.java:1344)\n	at org.springframework.beans.factory.support.AbstractBeanFactory.doGetBean(AbstractBeanFactory.java:309)\n	at org.springframework.beans.factory.support.AbstractBeanFactory.getBean(AbstractBeanFactory.java:208)\n	at org.springframework.context.support.AbstractApplicationContext.getBean(AbstractApplicationContext.java:1154)\n	at io.renren.common.utils.SpringContextUtils.getBean(SpringContextUtils.java:32)\n	at io.renren.modules.job.utils.ScheduleJob.executeInternal(ScheduleJob.java:52)\n	at org.springframework.scheduling.quartz.QuartzJobBean.execute(QuartzJobBean.java:75)\n	at org.quartz.core.JobRunShell.run(JobRunShell.java:202)\n	at org.quartz.simpl.SimpleThreadPool$WorkerThread.run(SimpleThreadPool.java:573)\n', 24, '2024-01-08 00:00:01');
INSERT INTO `schedule_job_log` (`id`, `job_id`, `bean_name`, `params`, `status`, `error`, `times`, `create_date`) VALUES (1744026109520912386, 1727953943792742402, 'novelEveryDayTask', '', 0, 'org.springframework.beans.factory.NoSuchBeanDefinitionException: No bean named \'novelEveryDayTask\' available\n	at org.springframework.beans.factory.support.DefaultListableBeanFactory.getBeanDefinition(DefaultListableBeanFactory.java:874)\n	at org.springframework.beans.factory.support.AbstractBeanFactory.getMergedLocalBeanDefinition(AbstractBeanFactory.java:1344)\n	at org.springframework.beans.factory.support.AbstractBeanFactory.doGetBean(AbstractBeanFactory.java:309)\n	at org.springframework.beans.factory.support.AbstractBeanFactory.getBean(AbstractBeanFactory.java:208)\n	at org.springframework.context.support.AbstractApplicationContext.getBean(AbstractApplicationContext.java:1154)\n	at io.renren.common.utils.SpringContextUtils.getBean(SpringContextUtils.java:32)\n	at io.renren.modules.job.utils.ScheduleJob.executeInternal(ScheduleJob.java:52)\n	at org.springframework.scheduling.quartz.QuartzJobBean.execute(QuartzJobBean.java:75)\n	at org.quartz.core.JobRunShell.run(JobRunShell.java:202)\n	at org.quartz.simpl.SimpleThreadPool$WorkerThread.run(SimpleThreadPool.java:573)\n', 7, '2024-01-08 00:00:02');
INSERT INTO `schedule_job_log` (`id`, `job_id`, `bean_name`, `params`, `status`, `error`, `times`, `create_date`) VALUES (1744388495088033794, 1724361502380650497, 'cmsEveryDayTask', '', 0, 'org.springframework.beans.factory.NoSuchBeanDefinitionException: No bean named \'cmsEveryDayTask\' available\n	at org.springframework.beans.factory.support.DefaultListableBeanFactory.getBeanDefinition(DefaultListableBeanFactory.java:874)\n	at org.springframework.beans.factory.support.AbstractBeanFactory.getMergedLocalBeanDefinition(AbstractBeanFactory.java:1344)\n	at org.springframework.beans.factory.support.AbstractBeanFactory.doGetBean(AbstractBeanFactory.java:309)\n	at org.springframework.beans.factory.support.AbstractBeanFactory.getBean(AbstractBeanFactory.java:208)\n	at org.springframework.context.support.AbstractApplicationContext.getBean(AbstractApplicationContext.java:1154)\n	at io.renren.common.utils.SpringContextUtils.getBean(SpringContextUtils.java:32)\n	at io.renren.modules.job.utils.ScheduleJob.executeInternal(ScheduleJob.java:52)\n	at org.springframework.scheduling.quartz.QuartzJobBean.execute(QuartzJobBean.java:75)\n	at org.quartz.core.JobRunShell.run(JobRunShell.java:202)\n	at org.quartz.simpl.SimpleThreadPool$WorkerThread.run(SimpleThreadPool.java:573)\n', 33, '2024-01-09 00:00:01');
INSERT INTO `schedule_job_log` (`id`, `job_id`, `bean_name`, `params`, `status`, `error`, `times`, `create_date`) VALUES (1744388499634659330, 1727953943792742402, 'novelEveryDayTask', '', 0, 'org.springframework.beans.factory.NoSuchBeanDefinitionException: No bean named \'novelEveryDayTask\' available\n	at org.springframework.beans.factory.support.DefaultListableBeanFactory.getBeanDefinition(DefaultListableBeanFactory.java:874)\n	at org.springframework.beans.factory.support.AbstractBeanFactory.getMergedLocalBeanDefinition(AbstractBeanFactory.java:1344)\n	at org.springframework.beans.factory.support.AbstractBeanFactory.doGetBean(AbstractBeanFactory.java:309)\n	at org.springframework.beans.factory.support.AbstractBeanFactory.getBean(AbstractBeanFactory.java:208)\n	at org.springframework.context.support.AbstractApplicationContext.getBean(AbstractApplicationContext.java:1154)\n	at io.renren.common.utils.SpringContextUtils.getBean(SpringContextUtils.java:32)\n	at io.renren.modules.job.utils.ScheduleJob.executeInternal(ScheduleJob.java:52)\n	at org.springframework.scheduling.quartz.QuartzJobBean.execute(QuartzJobBean.java:75)\n	at org.quartz.core.JobRunShell.run(JobRunShell.java:202)\n	at org.quartz.simpl.SimpleThreadPool$WorkerThread.run(SimpleThreadPool.java:573)\n', 13, '2024-01-09 00:00:02');
INSERT INTO `schedule_job_log` (`id`, `job_id`, `bean_name`, `params`, `status`, `error`, `times`, `create_date`) VALUES (1744750885780619265, 1724361502380650497, 'cmsEveryDayTask', '', 0, 'org.springframework.beans.factory.NoSuchBeanDefinitionException: No bean named \'cmsEveryDayTask\' available\n	at org.springframework.beans.factory.support.DefaultListableBeanFactory.getBeanDefinition(DefaultListableBeanFactory.java:874)\n	at org.springframework.beans.factory.support.AbstractBeanFactory.getMergedLocalBeanDefinition(AbstractBeanFactory.java:1344)\n	at org.springframework.beans.factory.support.AbstractBeanFactory.doGetBean(AbstractBeanFactory.java:309)\n	at org.springframework.beans.factory.support.AbstractBeanFactory.getBean(AbstractBeanFactory.java:208)\n	at org.springframework.context.support.AbstractApplicationContext.getBean(AbstractApplicationContext.java:1154)\n	at io.renren.common.utils.SpringContextUtils.getBean(SpringContextUtils.java:32)\n	at io.renren.modules.job.utils.ScheduleJob.executeInternal(ScheduleJob.java:52)\n	at org.springframework.scheduling.quartz.QuartzJobBean.execute(QuartzJobBean.java:75)\n	at org.quartz.core.JobRunShell.run(JobRunShell.java:202)\n	at org.quartz.simpl.SimpleThreadPool$WorkerThread.run(SimpleThreadPool.java:573)\n', 22, '2024-01-10 00:00:02');
INSERT INTO `schedule_job_log` (`id`, `job_id`, `bean_name`, `params`, `status`, `error`, `times`, `create_date`) VALUES (1744750890142695425, 1727953943792742402, 'novelEveryDayTask', '', 0, 'org.springframework.beans.factory.NoSuchBeanDefinitionException: No bean named \'novelEveryDayTask\' available\n	at org.springframework.beans.factory.support.DefaultListableBeanFactory.getBeanDefinition(DefaultListableBeanFactory.java:874)\n	at org.springframework.beans.factory.support.AbstractBeanFactory.getMergedLocalBeanDefinition(AbstractBeanFactory.java:1344)\n	at org.springframework.beans.factory.support.AbstractBeanFactory.doGetBean(AbstractBeanFactory.java:309)\n	at org.springframework.beans.factory.support.AbstractBeanFactory.getBean(AbstractBeanFactory.java:208)\n	at org.springframework.context.support.AbstractApplicationContext.getBean(AbstractApplicationContext.java:1154)\n	at io.renren.common.utils.SpringContextUtils.getBean(SpringContextUtils.java:32)\n	at io.renren.modules.job.utils.ScheduleJob.executeInternal(ScheduleJob.java:52)\n	at org.springframework.scheduling.quartz.QuartzJobBean.execute(QuartzJobBean.java:75)\n	at org.quartz.core.JobRunShell.run(JobRunShell.java:202)\n	at org.quartz.simpl.SimpleThreadPool$WorkerThread.run(SimpleThreadPool.java:573)\n', 16, '2024-01-10 00:00:03');
INSERT INTO `schedule_job_log` (`id`, `job_id`, `bean_name`, `params`, `status`, `error`, `times`, `create_date`) VALUES (1745838044927242242, 1724361502380650497, 'cmsEveryDayTask', '', 0, 'org.springframework.beans.factory.NoSuchBeanDefinitionException: No bean named \'cmsEveryDayTask\' available\n	at org.springframework.beans.factory.support.DefaultListableBeanFactory.getBeanDefinition(DefaultListableBeanFactory.java:874)\n	at org.springframework.beans.factory.support.AbstractBeanFactory.getMergedLocalBeanDefinition(AbstractBeanFactory.java:1344)\n	at org.springframework.beans.factory.support.AbstractBeanFactory.doGetBean(AbstractBeanFactory.java:309)\n	at org.springframework.beans.factory.support.AbstractBeanFactory.getBean(AbstractBeanFactory.java:208)\n	at org.springframework.context.support.AbstractApplicationContext.getBean(AbstractApplicationContext.java:1154)\n	at io.renren.common.utils.SpringContextUtils.getBean(SpringContextUtils.java:32)\n	at io.renren.modules.job.utils.ScheduleJob.executeInternal(ScheduleJob.java:52)\n	at org.springframework.scheduling.quartz.QuartzJobBean.execute(QuartzJobBean.java:75)\n	at org.quartz.core.JobRunShell.run(JobRunShell.java:202)\n	at org.quartz.simpl.SimpleThreadPool$WorkerThread.run(SimpleThreadPool.java:573)\n', 19, '2024-01-13 00:00:01');
INSERT INTO `schedule_job_log` (`id`, `job_id`, `bean_name`, `params`, `status`, `error`, `times`, `create_date`) VALUES (1745838049952018434, 1727953943792742402, 'novelEveryDayTask', '', 0, 'org.springframework.beans.factory.NoSuchBeanDefinitionException: No bean named \'novelEveryDayTask\' available\n	at org.springframework.beans.factory.support.DefaultListableBeanFactory.getBeanDefinition(DefaultListableBeanFactory.java:874)\n	at org.springframework.beans.factory.support.AbstractBeanFactory.getMergedLocalBeanDefinition(AbstractBeanFactory.java:1344)\n	at org.springframework.beans.factory.support.AbstractBeanFactory.doGetBean(AbstractBeanFactory.java:309)\n	at org.springframework.beans.factory.support.AbstractBeanFactory.getBean(AbstractBeanFactory.java:208)\n	at org.springframework.context.support.AbstractApplicationContext.getBean(AbstractApplicationContext.java:1154)\n	at io.renren.common.utils.SpringContextUtils.getBean(SpringContextUtils.java:32)\n	at io.renren.modules.job.utils.ScheduleJob.executeInternal(ScheduleJob.java:52)\n	at org.springframework.scheduling.quartz.QuartzJobBean.execute(QuartzJobBean.java:75)\n	at org.quartz.core.JobRunShell.run(JobRunShell.java:202)\n	at org.quartz.simpl.SimpleThreadPool$WorkerThread.run(SimpleThreadPool.java:573)\n', 17, '2024-01-13 00:00:02');
INSERT INTO `schedule_job_log` (`id`, `job_id`, `bean_name`, `params`, `status`, `error`, `times`, `create_date`) VALUES (1746200432767705089, 1724361502380650497, 'cmsEveryDayTask', '', 0, 'org.springframework.beans.factory.NoSuchBeanDefinitionException: No bean named \'cmsEveryDayTask\' available\n	at org.springframework.beans.factory.support.DefaultListableBeanFactory.getBeanDefinition(DefaultListableBeanFactory.java:874)\n	at org.springframework.beans.factory.support.AbstractBeanFactory.getMergedLocalBeanDefinition(AbstractBeanFactory.java:1344)\n	at org.springframework.beans.factory.support.AbstractBeanFactory.doGetBean(AbstractBeanFactory.java:309)\n	at org.springframework.beans.factory.support.AbstractBeanFactory.getBean(AbstractBeanFactory.java:208)\n	at org.springframework.context.support.AbstractApplicationContext.getBean(AbstractApplicationContext.java:1154)\n	at io.renren.common.utils.SpringContextUtils.getBean(SpringContextUtils.java:32)\n	at io.renren.modules.job.utils.ScheduleJob.executeInternal(ScheduleJob.java:52)\n	at org.springframework.scheduling.quartz.QuartzJobBean.execute(QuartzJobBean.java:75)\n	at org.quartz.core.JobRunShell.run(JobRunShell.java:202)\n	at org.quartz.simpl.SimpleThreadPool$WorkerThread.run(SimpleThreadPool.java:573)\n', 17, '2024-01-14 00:00:01');
INSERT INTO `schedule_job_log` (`id`, `job_id`, `bean_name`, `params`, `status`, `error`, `times`, `create_date`) VALUES (1746200436831985666, 1727953943792742402, 'novelEveryDayTask', '', 0, 'org.springframework.beans.factory.NoSuchBeanDefinitionException: No bean named \'novelEveryDayTask\' available\n	at org.springframework.beans.factory.support.DefaultListableBeanFactory.getBeanDefinition(DefaultListableBeanFactory.java:874)\n	at org.springframework.beans.factory.support.AbstractBeanFactory.getMergedLocalBeanDefinition(AbstractBeanFactory.java:1344)\n	at org.springframework.beans.factory.support.AbstractBeanFactory.doGetBean(AbstractBeanFactory.java:309)\n	at org.springframework.beans.factory.support.AbstractBeanFactory.getBean(AbstractBeanFactory.java:208)\n	at org.springframework.context.support.AbstractApplicationContext.getBean(AbstractApplicationContext.java:1154)\n	at io.renren.common.utils.SpringContextUtils.getBean(SpringContextUtils.java:32)\n	at io.renren.modules.job.utils.ScheduleJob.executeInternal(ScheduleJob.java:52)\n	at org.springframework.scheduling.quartz.QuartzJobBean.execute(QuartzJobBean.java:75)\n	at org.quartz.core.JobRunShell.run(JobRunShell.java:202)\n	at org.quartz.simpl.SimpleThreadPool$WorkerThread.run(SimpleThreadPool.java:573)\n', 7, '2024-01-14 00:00:02');
INSERT INTO `schedule_job_log` (`id`, `job_id`, `bean_name`, `params`, `status`, `error`, `times`, `create_date`) VALUES (1746562820226457601, 1724361502380650497, 'cmsEveryDayTask', '', 0, 'org.springframework.beans.factory.NoSuchBeanDefinitionException: No bean named \'cmsEveryDayTask\' available\n	at org.springframework.beans.factory.support.DefaultListableBeanFactory.getBeanDefinition(DefaultListableBeanFactory.java:874)\n	at org.springframework.beans.factory.support.AbstractBeanFactory.getMergedLocalBeanDefinition(AbstractBeanFactory.java:1344)\n	at org.springframework.beans.factory.support.AbstractBeanFactory.doGetBean(AbstractBeanFactory.java:309)\n	at org.springframework.beans.factory.support.AbstractBeanFactory.getBean(AbstractBeanFactory.java:208)\n	at org.springframework.context.support.AbstractApplicationContext.getBean(AbstractApplicationContext.java:1154)\n	at io.renren.common.utils.SpringContextUtils.getBean(SpringContextUtils.java:32)\n	at io.renren.modules.job.utils.ScheduleJob.executeInternal(ScheduleJob.java:52)\n	at org.springframework.scheduling.quartz.QuartzJobBean.execute(QuartzJobBean.java:75)\n	at org.quartz.core.JobRunShell.run(JobRunShell.java:202)\n	at org.quartz.simpl.SimpleThreadPool$WorkerThread.run(SimpleThreadPool.java:573)\n', 28, '2024-01-15 00:00:01');
INSERT INTO `schedule_job_log` (`id`, `job_id`, `bean_name`, `params`, `status`, `error`, `times`, `create_date`) VALUES (1746562824504647681, 1727953943792742402, 'novelEveryDayTask', '', 0, 'org.springframework.beans.factory.NoSuchBeanDefinitionException: No bean named \'novelEveryDayTask\' available\n	at org.springframework.beans.factory.support.DefaultListableBeanFactory.getBeanDefinition(DefaultListableBeanFactory.java:874)\n	at org.springframework.beans.factory.support.AbstractBeanFactory.getMergedLocalBeanDefinition(AbstractBeanFactory.java:1344)\n	at org.springframework.beans.factory.support.AbstractBeanFactory.doGetBean(AbstractBeanFactory.java:309)\n	at org.springframework.beans.factory.support.AbstractBeanFactory.getBean(AbstractBeanFactory.java:208)\n	at org.springframework.context.support.AbstractApplicationContext.getBean(AbstractApplicationContext.java:1154)\n	at io.renren.common.utils.SpringContextUtils.getBean(SpringContextUtils.java:32)\n	at io.renren.modules.job.utils.ScheduleJob.executeInternal(ScheduleJob.java:52)\n	at org.springframework.scheduling.quartz.QuartzJobBean.execute(QuartzJobBean.java:75)\n	at org.quartz.core.JobRunShell.run(JobRunShell.java:202)\n	at org.quartz.simpl.SimpleThreadPool$WorkerThread.run(SimpleThreadPool.java:573)\n', 9, '2024-01-15 00:00:02');
COMMIT;

-- ----------------------------
-- Table structure for sys_dept
-- ----------------------------
DROP TABLE IF EXISTS `sys_dept`;
CREATE TABLE `sys_dept` (
  `id` bigint NOT NULL COMMENT 'id',
  `pid` bigint DEFAULT NULL COMMENT '上级ID',
  `pids` varchar(500) DEFAULT NULL COMMENT '所有上级ID，用逗号分开',
  `name` varchar(50) DEFAULT NULL COMMENT '部门名称',
  `sort` int unsigned DEFAULT NULL COMMENT '排序',
  `creator` bigint DEFAULT NULL COMMENT '创建者',
  `create_date` datetime DEFAULT NULL COMMENT '创建时间',
  `updater` bigint DEFAULT NULL COMMENT '更新者',
  `update_date` datetime DEFAULT NULL COMMENT '更新时间',
  PRIMARY KEY (`id`),
  KEY `idx_pid` (`pid`),
  KEY `idx_sort` (`sort`)
) ENGINE=InnoDB DEFAULT CHARSET=utf8mb4 COLLATE=utf8mb4_0900_ai_ci COMMENT='部门管理';

-- ----------------------------
-- Records of sys_dept
-- ----------------------------
BEGIN;
INSERT INTO `sys_dept` (`id`, `pid`, `pids`, `name`, `sort`, `creator`, `create_date`, `updater`, `update_date`) VALUES (1067246875800000062, 1067246875800000063, '1067246875800000066,1067246875800000063', '技术部', 2, 1067246875800000001, '2023-11-10 12:44:46', 1067246875800000001, '2023-11-10 12:44:46');
INSERT INTO `sys_dept` (`id`, `pid`, `pids`, `name`, `sort`, `creator`, `create_date`, `updater`, `update_date`) VALUES (1067246875800000063, 1067246875800000066, '1067246875800000066', '长沙分公司', 1, 1067246875800000001, '2023-11-10 12:44:46', 1067246875800000001, '2023-11-10 12:44:46');
INSERT INTO `sys_dept` (`id`, `pid`, `pids`, `name`, `sort`, `creator`, `create_date`, `updater`, `update_date`) VALUES (1067246875800000064, 1067246875800000066, '1067246875800000066', '上海分公司', 0, 1067246875800000001, '2023-11-10 12:44:46', 1067246875800000001, '2023-11-10 12:44:46');
INSERT INTO `sys_dept` (`id`, `pid`, `pids`, `name`, `sort`, `creator`, `create_date`, `updater`, `update_date`) VALUES (1067246875800000065, 1067246875800000064, '1067246875800000066,1067246875800000064', '市场部', 0, 1067246875800000001, '2023-11-10 12:44:46', 1067246875800000001, '2023-11-10 12:44:46');
INSERT INTO `sys_dept` (`id`, `pid`, `pids`, `name`, `sort`, `creator`, `create_date`, `updater`, `update_date`) VALUES (1067246875800000066, 0, '0', '人人开源集团', 0, 1067246875800000001, '2023-11-10 12:44:46', 1067246875800000001, '2023-11-10 12:44:46');
INSERT INTO `sys_dept` (`id`, `pid`, `pids`, `name`, `sort`, `creator`, `create_date`, `updater`, `update_date`) VALUES (1067246875800000067, 1067246875800000064, '1067246875800000066,1067246875800000064', '销售部', 0, 1067246875800000001, '2023-11-10 12:44:46', 1067246875800000001, '2023-11-10 12:44:46');
INSERT INTO `sys_dept` (`id`, `pid`, `pids`, `name`, `sort`, `creator`, `create_date`, `updater`, `update_date`) VALUES (1067246875800000068, 1067246875800000063, '1067246875800000066,1067246875800000063', '产品部', 1, 1067246875800000001, '2023-11-10 12:44:46', 1067246875800000001, '2023-11-10 12:44:46');
COMMIT;

-- ----------------------------
-- Table structure for sys_dict_data
-- ----------------------------
DROP TABLE IF EXISTS `sys_dict_data`;
CREATE TABLE `sys_dict_data` (
  `id` bigint NOT NULL COMMENT 'id',
  `dict_type_id` bigint NOT NULL COMMENT '字典类型ID',
  `dict_label` varchar(255) NOT NULL COMMENT '字典标签',
  `dict_value` varchar(255) DEFAULT NULL COMMENT '字典值',
  `remark` varchar(255) DEFAULT NULL COMMENT '备注',
  `sort` int unsigned DEFAULT NULL COMMENT '排序',
  `creator` bigint DEFAULT NULL COMMENT '创建者',
  `create_date` datetime DEFAULT NULL COMMENT '创建时间',
  `updater` bigint DEFAULT NULL COMMENT '更新者',
  `update_date` datetime DEFAULT NULL COMMENT '更新时间',
  PRIMARY KEY (`id`),
  UNIQUE KEY `uk_dict_type_value` (`dict_type_id`,`dict_value`),
  KEY `idx_sort` (`sort`)
) ENGINE=InnoDB DEFAULT CHARSET=utf8mb4 COLLATE=utf8mb4_0900_ai_ci COMMENT='字典数据';

-- ----------------------------
-- Records of sys_dict_data
-- ----------------------------
BEGIN;
INSERT INTO `sys_dict_data` (`id`, `dict_type_id`, `dict_label`, `dict_value`, `remark`, `sort`, `creator`, `create_date`, `updater`, `update_date`) VALUES (1160061112075464705, 1160061077912858625, '男', '0', '', 0, 1067246875800000001, '2023-11-10 12:44:46', 1067246875800000001, '2023-11-10 12:44:46');
INSERT INTO `sys_dict_data` (`id`, `dict_type_id`, `dict_label`, `dict_value`, `remark`, `sort`, `creator`, `create_date`, `updater`, `update_date`) VALUES (1160061146967879681, 1160061077912858625, '女', '1', '', 1, 1067246875800000001, '2023-11-10 12:44:46', 1067246875800000001, '2023-11-10 12:44:46');
INSERT INTO `sys_dict_data` (`id`, `dict_type_id`, `dict_label`, `dict_value`, `remark`, `sort`, `creator`, `create_date`, `updater`, `update_date`) VALUES (1160061190127267841, 1160061077912858625, '保密', '2', '', 2, 1067246875800000001, '2023-11-10 12:44:46', 1067246875800000001, '2023-11-10 12:44:46');
INSERT INTO `sys_dict_data` (`id`, `dict_type_id`, `dict_label`, `dict_value`, `remark`, `sort`, `creator`, `create_date`, `updater`, `update_date`) VALUES (1225814069634195457, 1225813644059140097, '公告', '0', '', 0, 1067246875800000001, '2023-11-10 12:44:46', 1067246875800000001, '2023-11-10 12:44:46');
INSERT INTO `sys_dict_data` (`id`, `dict_type_id`, `dict_label`, `dict_value`, `remark`, `sort`, `creator`, `create_date`, `updater`, `update_date`) VALUES (1225814107559092225, 1225813644059140097, '会议', '1', '', 1, 1067246875800000001, '2023-11-10 12:44:46', 1067246875800000001, '2023-11-10 12:44:46');
INSERT INTO `sys_dict_data` (`id`, `dict_type_id`, `dict_label`, `dict_value`, `remark`, `sort`, `creator`, `create_date`, `updater`, `update_date`) VALUES (1225814271879340034, 1225813644059140097, '其他', '2', '', 2, 1067246875800000001, '2023-11-10 12:44:46', 1067246875800000001, '2023-11-10 12:44:46');
COMMIT;

-- ----------------------------
-- Table structure for sys_dict_type
-- ----------------------------
DROP TABLE IF EXISTS `sys_dict_type`;
CREATE TABLE `sys_dict_type` (
  `id` bigint NOT NULL COMMENT 'id',
  `dict_type` varchar(100) NOT NULL COMMENT '字典类型',
  `dict_name` varchar(255) NOT NULL COMMENT '字典名称',
  `remark` varchar(255) DEFAULT NULL COMMENT '备注',
  `sort` int unsigned DEFAULT NULL COMMENT '排序',
  `creator` bigint DEFAULT NULL COMMENT '创建者',
  `create_date` datetime DEFAULT NULL COMMENT '创建时间',
  `updater` bigint DEFAULT NULL COMMENT '更新者',
  `update_date` datetime DEFAULT NULL COMMENT '更新时间',
  PRIMARY KEY (`id`),
  UNIQUE KEY `dict_type` (`dict_type`)
) ENGINE=InnoDB DEFAULT CHARSET=utf8mb4 COLLATE=utf8mb4_0900_ai_ci COMMENT='字典类型';

-- ----------------------------
-- Records of sys_dict_type
-- ----------------------------
BEGIN;
INSERT INTO `sys_dict_type` (`id`, `dict_type`, `dict_name`, `remark`, `sort`, `creator`, `create_date`, `updater`, `update_date`) VALUES (1160061077912858625, 'gender', '性别', '', 0, 1067246875800000001, '2023-11-10 12:44:46', 1067246875800000001, '2023-11-10 12:44:46');
INSERT INTO `sys_dict_type` (`id`, `dict_type`, `dict_name`, `remark`, `sort`, `creator`, `create_date`, `updater`, `update_date`) VALUES (1225813644059140097, 'notice_type', '站内通知-类型', '', 1, 1067246875800000001, '2023-11-10 12:44:46', 1067246875800000001, '2023-11-10 12:44:46');
COMMIT;

-- ----------------------------
-- Table structure for sys_log_error
-- ----------------------------
DROP TABLE IF EXISTS `sys_log_error`;
CREATE TABLE `sys_log_error` (
  `id` bigint NOT NULL COMMENT 'id',
  `request_uri` varchar(200) DEFAULT NULL COMMENT '请求URI',
  `request_method` varchar(20) DEFAULT NULL COMMENT '请求方式',
  `request_params` text COMMENT '请求参数',
  `user_agent` varchar(500) DEFAULT NULL COMMENT '用户代理',
  `ip` varchar(32) DEFAULT NULL COMMENT '操作IP',
  `error_info` text COMMENT '异常信息',
  `creator` bigint DEFAULT NULL COMMENT '创建者',
  `create_date` datetime DEFAULT NULL COMMENT '创建时间',
  PRIMARY KEY (`id`),
  KEY `idx_create_date` (`create_date`)
) ENGINE=InnoDB DEFAULT CHARSET=utf8mb4 COLLATE=utf8mb4_0900_ai_ci COMMENT='异常日志';

-- ----------------------------
-- Records of sys_log_error
-- ----------------------------
BEGIN;
COMMIT;

-- ----------------------------
-- Table structure for sys_log_login
-- ----------------------------
DROP TABLE IF EXISTS `sys_log_login`;
CREATE TABLE `sys_log_login` (
  `id` bigint NOT NULL COMMENT 'id',
  `operation` tinyint unsigned DEFAULT NULL COMMENT '用户操作   0：用户登录   1：用户退出',
  `status` tinyint unsigned NOT NULL COMMENT '状态  0：失败    1：成功    2：账号已锁定',
  `user_agent` varchar(500) DEFAULT NULL COMMENT '用户代理',
  `ip` varchar(32) DEFAULT NULL COMMENT '操作IP',
  `creator_name` varchar(50) DEFAULT NULL COMMENT '用户名',
  `creator` bigint DEFAULT NULL COMMENT '创建者',
  `create_date` datetime DEFAULT NULL COMMENT '创建时间',
  PRIMARY KEY (`id`),
  KEY `idx_status` (`status`),
  KEY `idx_create_date` (`create_date`)
) ENGINE=InnoDB DEFAULT CHARSET=utf8mb4 COLLATE=utf8mb4_0900_ai_ci COMMENT='登录日志';

-- ----------------------------
-- Records of sys_log_login
-- ----------------------------
BEGIN;
COMMIT;

-- ----------------------------
-- Table structure for sys_log_operation
-- ----------------------------
DROP TABLE IF EXISTS `sys_log_operation`;
CREATE TABLE `sys_log_operation` (
  `id` bigint NOT NULL COMMENT 'id',
  `operation` varchar(50) DEFAULT NULL COMMENT '用户操作',
  `request_uri` varchar(200) DEFAULT NULL COMMENT '请求URI',
  `request_method` varchar(20) DEFAULT NULL COMMENT '请求方式',
  `request_params` text COMMENT '请求参数',
  `request_time` int unsigned NOT NULL COMMENT '请求时长(毫秒)',
  `user_agent` varchar(500) DEFAULT NULL COMMENT '用户代理',
  `ip` varchar(32) DEFAULT NULL COMMENT '操作IP',
  `status` tinyint unsigned NOT NULL COMMENT '状态  0：失败   1：成功',
  `creator_name` varchar(50) DEFAULT NULL COMMENT '用户名',
  `creator` bigint DEFAULT NULL COMMENT '创建者',
  `create_date` datetime DEFAULT NULL COMMENT '创建时间',
  PRIMARY KEY (`id`),
  KEY `idx_create_date` (`create_date`)
) ENGINE=InnoDB DEFAULT CHARSET=utf8mb4 COLLATE=utf8mb4_0900_ai_ci COMMENT='操作日志';

-- ----------------------------
-- Records of sys_log_operation
-- ----------------------------
BEGIN;
COMMIT;

-- ----------------------------
-- Table structure for sys_menu
-- ----------------------------
DROP TABLE IF EXISTS `sys_menu`;
CREATE TABLE `sys_menu` (
  `id` bigint NOT NULL COMMENT 'id',
  `pid` bigint DEFAULT NULL COMMENT '上级ID，一级菜单为0',
  `name` varchar(200) DEFAULT NULL COMMENT '名称',
  `url` varchar(200) DEFAULT NULL COMMENT '菜单URL',
  `permissions` varchar(500) DEFAULT NULL COMMENT '授权(多个用逗号分隔，如：sys:user:list,sys:user:save)',
  `menu_type` tinyint unsigned DEFAULT NULL COMMENT '类型   0：菜单   1：按钮',
  `icon` varchar(50) DEFAULT NULL COMMENT '菜单图标',
  `sort` int DEFAULT NULL COMMENT '排序',
  `creator` bigint DEFAULT NULL COMMENT '创建者',
  `create_date` datetime DEFAULT NULL COMMENT '创建时间',
  `updater` bigint DEFAULT NULL COMMENT '更新者',
  `update_date` datetime DEFAULT NULL COMMENT '更新时间',
  PRIMARY KEY (`id`),
  KEY `idx_pid` (`pid`),
  KEY `idx_sort` (`sort`)
) ENGINE=InnoDB DEFAULT CHARSET=utf8mb4 COLLATE=utf8mb4_0900_ai_ci COMMENT='菜单管理';

-- ----------------------------
-- Records of sys_menu
-- ----------------------------
BEGIN;
INSERT INTO `sys_menu` (`id`, `pid`, `name`, `url`, `permissions`, `menu_type`, `icon`, `sort`, `creator`, `create_date`, `updater`, `update_date`) VALUES (1067246875800000002, 0, '权限管理', NULL, NULL, 0, 'icon-safetycertificate', 11, 1067246875800000001, '2023-11-10 12:44:46', 1067246875800000001, '2023-11-24 13:27:01');
INSERT INTO `sys_menu` (`id`, `pid`, `name`, `url`, `permissions`, `menu_type`, `icon`, `sort`, `creator`, `create_date`, `updater`, `update_date`) VALUES (1067246875800000003, 1067246875800000055, '新增', NULL, 'sys:user:save,sys:dept:list,sys:role:list', 1, NULL, 1, 1067246875800000001, '2023-11-10 12:44:46', 1067246875800000001, '2023-11-10 12:44:46');
INSERT INTO `sys_menu` (`id`, `pid`, `name`, `url`, `permissions`, `menu_type`, `icon`, `sort`, `creator`, `create_date`, `updater`, `update_date`) VALUES (1067246875800000004, 1067246875800000055, '修改', NULL, 'sys:user:update,sys:dept:list,sys:role:list', 1, NULL, 2, 1067246875800000001, '2023-11-10 12:44:46', 1067246875800000001, '2023-11-10 12:44:46');
INSERT INTO `sys_menu` (`id`, `pid`, `name`, `url`, `permissions`, `menu_type`, `icon`, `sort`, `creator`, `create_date`, `updater`, `update_date`) VALUES (1067246875800000005, 1067246875800000055, '删除', NULL, 'sys:user:delete', 1, NULL, 3, 1067246875800000001, '2023-11-10 12:44:46', 1067246875800000001, '2023-11-10 12:44:46');
INSERT INTO `sys_menu` (`id`, `pid`, `name`, `url`, `permissions`, `menu_type`, `icon`, `sort`, `creator`, `create_date`, `updater`, `update_date`) VALUES (1067246875800000006, 1067246875800000055, '导出', NULL, 'sys:user:export', 1, NULL, 4, 1067246875800000001, '2023-11-10 12:44:46', 1067246875800000001, '2023-11-10 12:44:46');
INSERT INTO `sys_menu` (`id`, `pid`, `name`, `url`, `permissions`, `menu_type`, `icon`, `sort`, `creator`, `create_date`, `updater`, `update_date`) VALUES (1067246875800000007, 1067246875800000002, '角色管理', 'sys/role', NULL, 0, 'icon-team', 2, 1067246875800000001, '2023-11-10 12:44:46', 1067246875800000001, '2023-11-10 12:44:46');
INSERT INTO `sys_menu` (`id`, `pid`, `name`, `url`, `permissions`, `menu_type`, `icon`, `sort`, `creator`, `create_date`, `updater`, `update_date`) VALUES (1067246875800000008, 1067246875800000007, '查看', NULL, 'sys:role:page,sys:role:info', 1, NULL, 0, 1067246875800000001, '2023-11-10 12:44:46', 1067246875800000001, '2023-11-10 12:44:46');
INSERT INTO `sys_menu` (`id`, `pid`, `name`, `url`, `permissions`, `menu_type`, `icon`, `sort`, `creator`, `create_date`, `updater`, `update_date`) VALUES (1067246875800000009, 1067246875800000007, '新增', NULL, 'sys:role:save,sys:menu:select,sys:dept:list', 1, NULL, 1, 1067246875800000001, '2023-11-10 12:44:46', 1067246875800000001, '2023-11-10 12:44:46');
INSERT INTO `sys_menu` (`id`, `pid`, `name`, `url`, `permissions`, `menu_type`, `icon`, `sort`, `creator`, `create_date`, `updater`, `update_date`) VALUES (1067246875800000010, 1067246875800000007, '修改', NULL, 'sys:role:update,sys:menu:select,sys:dept:list', 1, NULL, 2, 1067246875800000001, '2023-11-10 12:44:46', 1067246875800000001, '2023-11-10 12:44:46');
INSERT INTO `sys_menu` (`id`, `pid`, `name`, `url`, `permissions`, `menu_type`, `icon`, `sort`, `creator`, `create_date`, `updater`, `update_date`) VALUES (1067246875800000011, 1067246875800000007, '删除', NULL, 'sys:role:delete', 1, NULL, 3, 1067246875800000001, '2023-11-10 12:44:46', 1067246875800000001, '2023-11-10 12:44:46');
INSERT INTO `sys_menu` (`id`, `pid`, `name`, `url`, `permissions`, `menu_type`, `icon`, `sort`, `creator`, `create_date`, `updater`, `update_date`) VALUES (1067246875800000012, 1067246875800000002, '部门管理', 'sys/dept', NULL, 0, 'icon-apartment', 1, 1067246875800000001, '2023-11-10 12:44:46', 1067246875800000001, '2023-11-10 12:44:46');
INSERT INTO `sys_menu` (`id`, `pid`, `name`, `url`, `permissions`, `menu_type`, `icon`, `sort`, `creator`, `create_date`, `updater`, `update_date`) VALUES (1067246875800000014, 1067246875800000012, '查看', NULL, 'sys:dept:list,sys:dept:info', 1, NULL, 0, 1067246875800000001, '2023-11-10 12:44:46', 1067246875800000001, '2023-11-10 12:44:46');
INSERT INTO `sys_menu` (`id`, `pid`, `name`, `url`, `permissions`, `menu_type`, `icon`, `sort`, `creator`, `create_date`, `updater`, `update_date`) VALUES (1067246875800000015, 1067246875800000012, '新增', NULL, 'sys:dept:save', 1, NULL, 1, 1067246875800000001, '2023-11-10 12:44:46', 1067246875800000001, '2023-11-10 12:44:46');
INSERT INTO `sys_menu` (`id`, `pid`, `name`, `url`, `permissions`, `menu_type`, `icon`, `sort`, `creator`, `create_date`, `updater`, `update_date`) VALUES (1067246875800000016, 1067246875800000012, '修改', NULL, 'sys:dept:update', 1, NULL, 2, 1067246875800000001, '2023-11-10 12:44:46', 1067246875800000001, '2023-11-10 12:44:46');
INSERT INTO `sys_menu` (`id`, `pid`, `name`, `url`, `permissions`, `menu_type`, `icon`, `sort`, `creator`, `create_date`, `updater`, `update_date`) VALUES (1067246875800000017, 1067246875800000012, '删除', NULL, 'sys:dept:delete', 1, NULL, 3, 1067246875800000001, '2023-11-10 12:44:46', 1067246875800000001, '2023-11-10 12:44:46');
INSERT INTO `sys_menu` (`id`, `pid`, `name`, `url`, `permissions`, `menu_type`, `icon`, `sort`, `creator`, `create_date`, `updater`, `update_date`) VALUES (1067246875800000025, 1067246875800000035, '菜单管理', 'sys/menu', NULL, 0, 'icon-unorderedlist', 0, 1067246875800000001, '2023-11-10 12:44:46', 1067246875800000001, '2023-11-10 12:44:46');
INSERT INTO `sys_menu` (`id`, `pid`, `name`, `url`, `permissions`, `menu_type`, `icon`, `sort`, `creator`, `create_date`, `updater`, `update_date`) VALUES (1067246875800000026, 1067246875800000025, '查看', NULL, 'sys:menu:list,sys:menu:info', 1, NULL, 0, 1067246875800000001, '2023-11-10 12:44:46', 1067246875800000001, '2023-11-10 12:44:46');
INSERT INTO `sys_menu` (`id`, `pid`, `name`, `url`, `permissions`, `menu_type`, `icon`, `sort`, `creator`, `create_date`, `updater`, `update_date`) VALUES (1067246875800000027, 1067246875800000025, '新增', NULL, 'sys:menu:save', 1, NULL, 1, 1067246875800000001, '2023-11-10 12:44:46', 1067246875800000001, '2023-11-10 12:44:46');
INSERT INTO `sys_menu` (`id`, `pid`, `name`, `url`, `permissions`, `menu_type`, `icon`, `sort`, `creator`, `create_date`, `updater`, `update_date`) VALUES (1067246875800000028, 1067246875800000025, '修改', NULL, 'sys:menu:update', 1, NULL, 2, 1067246875800000001, '2023-11-10 12:44:46', 1067246875800000001, '2023-11-10 12:44:46');
INSERT INTO `sys_menu` (`id`, `pid`, `name`, `url`, `permissions`, `menu_type`, `icon`, `sort`, `creator`, `create_date`, `updater`, `update_date`) VALUES (1067246875800000029, 1067246875800000025, '删除', NULL, 'sys:menu:delete', 1, NULL, 3, 1067246875800000001, '2023-11-10 12:44:46', 1067246875800000001, '2023-11-10 12:44:46');
INSERT INTO `sys_menu` (`id`, `pid`, `name`, `url`, `permissions`, `menu_type`, `icon`, `sort`, `creator`, `create_date`, `updater`, `update_date`) VALUES (1067246875800000030, 1067246875800000035, '定时任务', 'job/schedule', NULL, 0, 'icon-dashboard', 3, 1067246875800000001, '2023-11-10 12:44:46', 1067246875800000001, '2023-11-10 12:44:46');
INSERT INTO `sys_menu` (`id`, `pid`, `name`, `url`, `permissions`, `menu_type`, `icon`, `sort`, `creator`, `create_date`, `updater`, `update_date`) VALUES (1067246875800000031, 1067246875800000030, '查看', NULL, 'sys:schedule:page,sys:schedule:info', 1, NULL, 0, 1067246875800000001, '2023-11-10 12:44:46', 1067246875800000001, '2023-11-10 12:44:46');
INSERT INTO `sys_menu` (`id`, `pid`, `name`, `url`, `permissions`, `menu_type`, `icon`, `sort`, `creator`, `create_date`, `updater`, `update_date`) VALUES (1067246875800000032, 1067246875800000030, '新增', NULL, 'sys:schedule:save', 1, NULL, 1, 1067246875800000001, '2023-11-10 12:44:46', 1067246875800000001, '2023-11-10 12:44:46');
INSERT INTO `sys_menu` (`id`, `pid`, `name`, `url`, `permissions`, `menu_type`, `icon`, `sort`, `creator`, `create_date`, `updater`, `update_date`) VALUES (1067246875800000033, 1067246875800000030, '修改', NULL, 'sys:schedule:update', 1, NULL, 2, 1067246875800000001, '2023-11-10 12:44:46', 1067246875800000001, '2023-11-10 12:44:46');
INSERT INTO `sys_menu` (`id`, `pid`, `name`, `url`, `permissions`, `menu_type`, `icon`, `sort`, `creator`, `create_date`, `updater`, `update_date`) VALUES (1067246875800000034, 1067246875800000030, '删除', NULL, 'sys:schedule:delete', 1, NULL, 3, 1067246875800000001, '2023-11-10 12:44:46', 1067246875800000001, '2023-11-10 12:44:46');
INSERT INTO `sys_menu` (`id`, `pid`, `name`, `url`, `permissions`, `menu_type`, `icon`, `sort`, `creator`, `create_date`, `updater`, `update_date`) VALUES (1067246875800000035, 0, '系统设置', NULL, NULL, 0, 'icon-setting', 10, 1067246875800000001, '2023-11-10 12:44:46', 1067246875800000001, '2023-11-24 13:26:55');
INSERT INTO `sys_menu` (`id`, `pid`, `name`, `url`, `permissions`, `menu_type`, `icon`, `sort`, `creator`, `create_date`, `updater`, `update_date`) VALUES (1067246875800000036, 1067246875800000030, '暂停', NULL, 'sys:schedule:pause', 1, NULL, 4, 1067246875800000001, '2023-11-10 12:44:46', 1067246875800000001, '2023-11-10 12:44:46');
INSERT INTO `sys_menu` (`id`, `pid`, `name`, `url`, `permissions`, `menu_type`, `icon`, `sort`, `creator`, `create_date`, `updater`, `update_date`) VALUES (1067246875800000037, 1067246875800000030, '恢复', NULL, 'sys:schedule:resume', 1, NULL, 5, 1067246875800000001, '2023-11-10 12:44:46', 1067246875800000001, '2023-11-10 12:44:46');
INSERT INTO `sys_menu` (`id`, `pid`, `name`, `url`, `permissions`, `menu_type`, `icon`, `sort`, `creator`, `create_date`, `updater`, `update_date`) VALUES (1067246875800000038, 1067246875800000030, '立即执行', NULL, 'sys:schedule:run', 1, NULL, 6, 1067246875800000001, '2023-11-10 12:44:46', 1067246875800000001, '2023-11-10 12:44:46');
INSERT INTO `sys_menu` (`id`, `pid`, `name`, `url`, `permissions`, `menu_type`, `icon`, `sort`, `creator`, `create_date`, `updater`, `update_date`) VALUES (1067246875800000039, 1067246875800000030, '日志列表', NULL, 'sys:schedule:log', 1, NULL, 7, 1067246875800000001, '2023-11-10 12:44:46', 1067246875800000001, '2023-11-10 12:44:46');
INSERT INTO `sys_menu` (`id`, `pid`, `name`, `url`, `permissions`, `menu_type`, `icon`, `sort`, `creator`, `create_date`, `updater`, `update_date`) VALUES (1067246875800000040, 1067246875800000035, '参数管理', 'sys/params', '', 0, 'icon-fileprotect', 1, 1067246875800000001, '2023-11-10 12:44:46', 1067246875800000001, '2023-11-10 12:44:46');
INSERT INTO `sys_menu` (`id`, `pid`, `name`, `url`, `permissions`, `menu_type`, `icon`, `sort`, `creator`, `create_date`, `updater`, `update_date`) VALUES (1067246875800000041, 1067246875800000035, '字典管理', 'sys/dict-type', NULL, 0, 'icon-golden-fill', 2, 1067246875800000001, '2023-11-10 12:44:46', 1067246875800000001, '2023-11-10 12:44:46');
INSERT INTO `sys_menu` (`id`, `pid`, `name`, `url`, `permissions`, `menu_type`, `icon`, `sort`, `creator`, `create_date`, `updater`, `update_date`) VALUES (1067246875800000042, 1067246875800000041, '查看', NULL, 'sys:dict:page,sys:dict:info', 1, NULL, 0, 1067246875800000001, '2023-11-10 12:44:46', 1067246875800000001, '2023-11-10 12:44:46');
INSERT INTO `sys_menu` (`id`, `pid`, `name`, `url`, `permissions`, `menu_type`, `icon`, `sort`, `creator`, `create_date`, `updater`, `update_date`) VALUES (1067246875800000043, 1067246875800000041, '新增', NULL, 'sys:dict:save', 1, NULL, 1, 1067246875800000001, '2023-11-10 12:44:46', 1067246875800000001, '2023-11-10 12:44:46');
INSERT INTO `sys_menu` (`id`, `pid`, `name`, `url`, `permissions`, `menu_type`, `icon`, `sort`, `creator`, `create_date`, `updater`, `update_date`) VALUES (1067246875800000044, 1067246875800000041, '修改', NULL, 'sys:dict:update', 1, NULL, 2, 1067246875800000001, '2023-11-10 12:44:46', 1067246875800000001, '2023-11-10 12:44:46');
INSERT INTO `sys_menu` (`id`, `pid`, `name`, `url`, `permissions`, `menu_type`, `icon`, `sort`, `creator`, `create_date`, `updater`, `update_date`) VALUES (1067246875800000045, 1067246875800000041, '删除', NULL, 'sys:dict:delete', 1, NULL, 3, 1067246875800000001, '2023-11-10 12:44:46', 1067246875800000001, '2023-11-10 12:44:46');
INSERT INTO `sys_menu` (`id`, `pid`, `name`, `url`, `permissions`, `menu_type`, `icon`, `sort`, `creator`, `create_date`, `updater`, `update_date`) VALUES (1067246875800000046, 0, '日志管理', NULL, NULL, 0, 'icon-container', 14, 1067246875800000001, '2023-11-10 12:44:46', 1067246875800000001, '2023-11-24 13:28:59');
INSERT INTO `sys_menu` (`id`, `pid`, `name`, `url`, `permissions`, `menu_type`, `icon`, `sort`, `creator`, `create_date`, `updater`, `update_date`) VALUES (1067246875800000047, 1067246875800000035, '文件上传', 'oss/oss', 'sys:oss:all', 0, 'icon-upload', 4, 1067246875800000001, '2023-11-10 12:44:46', 1067246875800000001, '2023-11-10 12:44:46');
INSERT INTO `sys_menu` (`id`, `pid`, `name`, `url`, `permissions`, `menu_type`, `icon`, `sort`, `creator`, `create_date`, `updater`, `update_date`) VALUES (1067246875800000048, 1067246875800000046, '登录日志', 'sys/log-login', 'sys:log:login', 0, 'icon-filedone', 0, 1067246875800000001, '2023-11-10 12:44:46', 1067246875800000001, '2023-11-10 12:44:46');
INSERT INTO `sys_menu` (`id`, `pid`, `name`, `url`, `permissions`, `menu_type`, `icon`, `sort`, `creator`, `create_date`, `updater`, `update_date`) VALUES (1067246875800000049, 1067246875800000046, '操作日志', 'sys/log-operation', 'sys:log:operation', 0, 'icon-solution', 1, 1067246875800000001, '2023-11-10 12:44:46', 1067246875800000001, '2023-11-10 12:44:46');
INSERT INTO `sys_menu` (`id`, `pid`, `name`, `url`, `permissions`, `menu_type`, `icon`, `sort`, `creator`, `create_date`, `updater`, `update_date`) VALUES (1067246875800000050, 1067246875800000046, '异常日志', 'sys/log-error', 'sys:log:error', 0, 'icon-file-exception', 2, 1067246875800000001, '2023-11-10 12:44:46', 1067246875800000001, '2023-11-10 12:44:46');
INSERT INTO `sys_menu` (`id`, `pid`, `name`, `url`, `permissions`, `menu_type`, `icon`, `sort`, `creator`, `create_date`, `updater`, `update_date`) VALUES (1067246875800000051, 1067246875800000053, 'SQL监控', '{{ window.SITE_CONFIG[\"apiURL\"] }}/druid/sql.html', NULL, 0, 'icon-database', 0, 1067246875800000001, '2023-11-10 12:44:46', 1067246875800000001, '2023-11-10 12:44:46');
INSERT INTO `sys_menu` (`id`, `pid`, `name`, `url`, `permissions`, `menu_type`, `icon`, `sort`, `creator`, `create_date`, `updater`, `update_date`) VALUES (1067246875800000053, 0, '系统监控', NULL, NULL, 0, 'icon-desktop', 12, 1067246875800000001, '2023-11-10 12:44:46', 1067246875800000001, '2023-11-24 13:27:17');
INSERT INTO `sys_menu` (`id`, `pid`, `name`, `url`, `permissions`, `menu_type`, `icon`, `sort`, `creator`, `create_date`, `updater`, `update_date`) VALUES (1067246875800000055, 1067246875800000002, '用户管理', 'sys/user', NULL, 0, 'icon-user', 0, 1067246875800000001, '2023-11-10 12:44:46', 1067246875800000001, '2023-11-10 12:44:46');
INSERT INTO `sys_menu` (`id`, `pid`, `name`, `url`, `permissions`, `menu_type`, `icon`, `sort`, `creator`, `create_date`, `updater`, `update_date`) VALUES (1067246875800000056, 1067246875800000055, '查看', NULL, 'sys:user:page,sys:user:info', 1, NULL, 0, 1067246875800000001, '2023-11-10 12:44:46', 1067246875800000001, '2023-11-10 12:44:46');
INSERT INTO `sys_menu` (`id`, `pid`, `name`, `url`, `permissions`, `menu_type`, `icon`, `sort`, `creator`, `create_date`, `updater`, `update_date`) VALUES (1067246875800000057, 1067246875800000040, '新增', NULL, 'sys:params:save', 1, NULL, 1, 1067246875800000001, '2023-11-10 12:44:46', 1067246875800000001, '2023-11-10 12:44:46');
INSERT INTO `sys_menu` (`id`, `pid`, `name`, `url`, `permissions`, `menu_type`, `icon`, `sort`, `creator`, `create_date`, `updater`, `update_date`) VALUES (1067246875800000058, 1067246875800000040, '导出', NULL, 'sys:params:export', 1, NULL, 4, 1067246875800000001, '2023-11-10 12:44:46', 1067246875800000001, '2023-11-10 12:44:46');
INSERT INTO `sys_menu` (`id`, `pid`, `name`, `url`, `permissions`, `menu_type`, `icon`, `sort`, `creator`, `create_date`, `updater`, `update_date`) VALUES (1067246875800000059, 1067246875800000040, '查看', '', 'sys:params:page,sys:params:info', 1, NULL, 0, 1067246875800000001, '2023-11-10 12:44:46', 1067246875800000001, '2023-11-10 12:44:46');
INSERT INTO `sys_menu` (`id`, `pid`, `name`, `url`, `permissions`, `menu_type`, `icon`, `sort`, `creator`, `create_date`, `updater`, `update_date`) VALUES (1067246875800000060, 1067246875800000040, '修改', NULL, 'sys:params:update', 1, NULL, 2, 1067246875800000001, '2023-11-10 12:44:46', 1067246875800000001, '2023-11-10 12:44:46');
INSERT INTO `sys_menu` (`id`, `pid`, `name`, `url`, `permissions`, `menu_type`, `icon`, `sort`, `creator`, `create_date`, `updater`, `update_date`) VALUES (1067246875800000061, 1067246875800000040, '删除', '', 'sys:params:delete', 1, '', 3, 1067246875800000001, '2023-11-10 12:44:46', 1067246875800000001, '2023-11-10 12:44:46');
INSERT INTO `sys_menu` (`id`, `pid`, `name`, `url`, `permissions`, `menu_type`, `icon`, `sort`, `creator`, `create_date`, `updater`, `update_date`) VALUES (1156748733921165314, 1067246875800000053, '接口文档', '{{ window.SITE_CONFIG[\"apiURL\"] }}/doc.html', '', 0, 'icon-file-word', 1, 1067246875800000001, '2023-11-10 12:44:46', 1067246875800000001, '2023-11-10 12:44:46');
INSERT INTO `sys_menu` (`id`, `pid`, `name`, `url`, `permissions`, `menu_type`, `icon`, `sort`, `creator`, `create_date`, `updater`, `update_date`) VALUES (1722838421752995841, 1727920533577777153, 'APP设置', 'appconfig/appconfig', NULL, 0, 'icon-desktop', 0, 1067246875800000001, '2023-11-10 12:48:02', 1067246875800000001, '2023-11-24 13:22:28');
INSERT INTO `sys_menu` (`id`, `pid`, `name`, `url`, `permissions`, `menu_type`, `icon`, `sort`, `creator`, `create_date`, `updater`, `update_date`) VALUES (1722838421752995842, 1722838421752995841, '查看', NULL, 'appconfig:appconfig:page,appconfig:appconfig:info', 1, NULL, 0, 1067246875800000001, '2023-11-10 12:48:02', 1067246875800000001, '2023-11-10 12:48:02');
INSERT INTO `sys_menu` (`id`, `pid`, `name`, `url`, `permissions`, `menu_type`, `icon`, `sort`, `creator`, `create_date`, `updater`, `update_date`) VALUES (1722838421752995843, 1722838421752995841, '新增', NULL, 'appconfig:appconfig:save', 1, NULL, 1, 1067246875800000001, '2023-11-10 12:48:02', 1067246875800000001, '2023-11-10 12:48:02');
INSERT INTO `sys_menu` (`id`, `pid`, `name`, `url`, `permissions`, `menu_type`, `icon`, `sort`, `creator`, `create_date`, `updater`, `update_date`) VALUES (1722838421752995844, 1722838421752995841, '修改', NULL, 'appconfig:appconfig:update', 1, NULL, 2, 1067246875800000001, '2023-11-10 12:48:02', 1067246875800000001, '2023-11-10 12:48:02');
INSERT INTO `sys_menu` (`id`, `pid`, `name`, `url`, `permissions`, `menu_type`, `icon`, `sort`, `creator`, `create_date`, `updater`, `update_date`) VALUES (1722838421752995845, 1722838421752995841, '删除', NULL, 'appconfig:appconfig:delete', 1, NULL, 3, 1067246875800000001, '2023-11-10 12:48:02', 1067246875800000001, '2023-11-10 12:48:02');
INSERT INTO `sys_menu` (`id`, `pid`, `name`, `url`, `permissions`, `menu_type`, `icon`, `sort`, `creator`, `create_date`, `updater`, `update_date`) VALUES (1722838421752995846, 1722838421752995841, '导出', NULL, 'appconfig:appconfig:export', 1, NULL, 4, 1067246875800000001, '2023-11-10 12:48:02', 1067246875800000001, '2023-11-10 12:48:02');
INSERT INTO `sys_menu` (`id`, `pid`, `name`, `url`, `permissions`, `menu_type`, `icon`, `sort`, `creator`, `create_date`, `updater`, `update_date`) VALUES (1723245489941516289, 1727921257845997570, '商品表', 'commodity/commodity', NULL, 0, 'icon-desktop', 0, 1067246875800000001, '2023-11-11 15:48:51', 1067246875800000001, '2023-11-24 13:25:23');
INSERT INTO `sys_menu` (`id`, `pid`, `name`, `url`, `permissions`, `menu_type`, `icon`, `sort`, `creator`, `create_date`, `updater`, `update_date`) VALUES (1723245489941516290, 1723245489941516289, '查看', NULL, 'commodity:commodity:page,commodity:commodity:info', 1, NULL, 0, 1067246875800000001, '2023-11-11 15:48:51', 1067246875800000001, '2023-11-11 15:48:51');
INSERT INTO `sys_menu` (`id`, `pid`, `name`, `url`, `permissions`, `menu_type`, `icon`, `sort`, `creator`, `create_date`, `updater`, `update_date`) VALUES (1723245489941516291, 1723245489941516289, '新增', NULL, 'commodity:commodity:save', 1, NULL, 1, 1067246875800000001, '2023-11-11 15:48:51', 1067246875800000001, '2023-11-11 15:48:51');
INSERT INTO `sys_menu` (`id`, `pid`, `name`, `url`, `permissions`, `menu_type`, `icon`, `sort`, `creator`, `create_date`, `updater`, `update_date`) VALUES (1723245489941516292, 1723245489941516289, '修改', NULL, 'commodity:commodity:update', 1, NULL, 2, 1067246875800000001, '2023-11-11 15:48:51', 1067246875800000001, '2023-11-11 15:48:51');
INSERT INTO `sys_menu` (`id`, `pid`, `name`, `url`, `permissions`, `menu_type`, `icon`, `sort`, `creator`, `create_date`, `updater`, `update_date`) VALUES (1723245489941516293, 1723245489941516289, '删除', NULL, 'commodity:commodity:delete', 1, NULL, 3, 1067246875800000001, '2023-11-11 15:48:51', 1067246875800000001, '2023-11-11 15:48:51');
INSERT INTO `sys_menu` (`id`, `pid`, `name`, `url`, `permissions`, `menu_type`, `icon`, `sort`, `creator`, `create_date`, `updater`, `update_date`) VALUES (1723245489941516294, 1723245489941516289, '导出', NULL, 'commodity:commodity:export', 1, NULL, 4, 1067246875800000001, '2023-11-11 15:48:51', 1067246875800000001, '2023-11-11 15:48:51');
INSERT INTO `sys_menu` (`id`, `pid`, `name`, `url`, `permissions`, `menu_type`, `icon`, `sort`, `creator`, `create_date`, `updater`, `update_date`) VALUES (1723261593153945601, 1727921257845997570, '支付配置表', 'payConfig/payconfig', NULL, 0, 'icon-desktop', 0, 1067246875800000001, '2023-11-11 16:52:52', 1067246875800000001, '2023-11-24 13:25:29');
INSERT INTO `sys_menu` (`id`, `pid`, `name`, `url`, `permissions`, `menu_type`, `icon`, `sort`, `creator`, `create_date`, `updater`, `update_date`) VALUES (1723261593153945602, 1723261593153945601, '查看', NULL, 'payConfig:payconfig:page,payConfig:payconfig:info', 1, NULL, 0, 1067246875800000001, '2023-11-11 16:52:52', 1067246875800000001, '2023-11-11 16:52:52');
INSERT INTO `sys_menu` (`id`, `pid`, `name`, `url`, `permissions`, `menu_type`, `icon`, `sort`, `creator`, `create_date`, `updater`, `update_date`) VALUES (1723261593153945603, 1723261593153945601, '新增', NULL, 'payConfig:payconfig:save', 1, NULL, 1, 1067246875800000001, '2023-11-11 16:52:52', 1067246875800000001, '2023-11-11 16:52:52');
INSERT INTO `sys_menu` (`id`, `pid`, `name`, `url`, `permissions`, `menu_type`, `icon`, `sort`, `creator`, `create_date`, `updater`, `update_date`) VALUES (1723261593153945604, 1723261593153945601, '修改', NULL, 'payConfig:payconfig:update', 1, NULL, 2, 1067246875800000001, '2023-11-11 16:52:52', 1067246875800000001, '2023-11-11 16:52:52');
INSERT INTO `sys_menu` (`id`, `pid`, `name`, `url`, `permissions`, `menu_type`, `icon`, `sort`, `creator`, `create_date`, `updater`, `update_date`) VALUES (1723261593153945605, 1723261593153945601, '删除', NULL, 'payConfig:payconfig:delete', 1, NULL, 3, 1067246875800000001, '2023-11-11 16:52:52', 1067246875800000001, '2023-11-11 16:52:52');
INSERT INTO `sys_menu` (`id`, `pid`, `name`, `url`, `permissions`, `menu_type`, `icon`, `sort`, `creator`, `create_date`, `updater`, `update_date`) VALUES (1723261593153945606, 1723261593153945601, '导出', NULL, 'payConfig:payconfig:export', 1, NULL, 4, 1067246875800000001, '2023-11-11 16:52:52', 1067246875800000001, '2023-11-11 16:52:52');
INSERT INTO `sys_menu` (`id`, `pid`, `name`, `url`, `permissions`, `menu_type`, `icon`, `sort`, `creator`, `create_date`, `updater`, `update_date`) VALUES (1723952768877842434, 1727920362823467010, '充值订单表', 'payOrder/payorder', NULL, 0, 'icon-desktop', 0, 1067246875800000001, '2023-11-13 14:44:02', 1067246875800000001, '2023-11-24 13:25:37');
INSERT INTO `sys_menu` (`id`, `pid`, `name`, `url`, `permissions`, `menu_type`, `icon`, `sort`, `creator`, `create_date`, `updater`, `update_date`) VALUES (1723952768877842435, 1723952768877842434, '查看', NULL, 'payOrder:payorder:page,payOrder:payorder:info', 1, NULL, 0, 1067246875800000001, '2023-11-13 14:44:02', 1067246875800000001, '2023-11-13 14:44:02');
INSERT INTO `sys_menu` (`id`, `pid`, `name`, `url`, `permissions`, `menu_type`, `icon`, `sort`, `creator`, `create_date`, `updater`, `update_date`) VALUES (1723952768877842436, 1723952768877842434, '新增', NULL, 'payOrder:payorder:save', 1, NULL, 1, 1067246875800000001, '2023-11-13 14:44:02', 1067246875800000001, '2023-11-13 14:44:02');
INSERT INTO `sys_menu` (`id`, `pid`, `name`, `url`, `permissions`, `menu_type`, `icon`, `sort`, `creator`, `create_date`, `updater`, `update_date`) VALUES (1723952768877842437, 1723952768877842434, '修改', NULL, 'payOrder:payorder:update', 1, NULL, 2, 1067246875800000001, '2023-11-13 14:44:02', 1067246875800000001, '2023-11-13 14:44:02');
INSERT INTO `sys_menu` (`id`, `pid`, `name`, `url`, `permissions`, `menu_type`, `icon`, `sort`, `creator`, `create_date`, `updater`, `update_date`) VALUES (1723952768877842438, 1723952768877842434, '删除', NULL, 'payOrder:payorder:delete', 1, NULL, 3, 1067246875800000001, '2023-11-13 14:44:02', 1067246875800000001, '2023-11-13 14:44:02');
INSERT INTO `sys_menu` (`id`, `pid`, `name`, `url`, `permissions`, `menu_type`, `icon`, `sort`, `creator`, `create_date`, `updater`, `update_date`) VALUES (1723952768877842439, 1723952768877842434, '导出', NULL, 'payOrder:payorder:export', 1, NULL, 4, 1067246875800000001, '2023-11-13 14:44:02', 1067246875800000001, '2023-11-13 14:44:02');
INSERT INTO `sys_menu` (`id`, `pid`, `name`, `url`, `permissions`, `menu_type`, `icon`, `sort`, `creator`, `create_date`, `updater`, `update_date`) VALUES (1724352203600334849, 1727920362823467010, '金币流水', 'flowRecord/flowrecord', NULL, 0, 'icon-desktop', 0, 1067246875800000001, '2023-11-14 17:08:29', 1067246875800000001, '2023-11-24 13:25:44');
INSERT INTO `sys_menu` (`id`, `pid`, `name`, `url`, `permissions`, `menu_type`, `icon`, `sort`, `creator`, `create_date`, `updater`, `update_date`) VALUES (1724352203600334850, 1724352203600334849, '查看', NULL, 'flowRecord:flowrecord:page,flowRecord:flowrecord:info', 1, NULL, 0, 1067246875800000001, '2023-11-14 17:08:29', 1067246875800000001, '2023-11-14 17:08:29');
INSERT INTO `sys_menu` (`id`, `pid`, `name`, `url`, `permissions`, `menu_type`, `icon`, `sort`, `creator`, `create_date`, `updater`, `update_date`) VALUES (1724352203600334851, 1724352203600334849, '新增', NULL, 'flowRecord:flowrecord:save', 1, NULL, 1, 1067246875800000001, '2023-11-14 17:08:29', 1067246875800000001, '2023-11-14 17:08:29');
INSERT INTO `sys_menu` (`id`, `pid`, `name`, `url`, `permissions`, `menu_type`, `icon`, `sort`, `creator`, `create_date`, `updater`, `update_date`) VALUES (1724352203600334852, 1724352203600334849, '修改', NULL, 'flowRecord:flowrecord:update', 1, NULL, 2, 1067246875800000001, '2023-11-14 17:08:29', 1067246875800000001, '2023-11-14 17:08:29');
INSERT INTO `sys_menu` (`id`, `pid`, `name`, `url`, `permissions`, `menu_type`, `icon`, `sort`, `creator`, `create_date`, `updater`, `update_date`) VALUES (1724352203600334853, 1724352203600334849, '删除', NULL, 'flowRecord:flowrecord:delete', 1, NULL, 3, 1067246875800000001, '2023-11-14 17:08:29', 1067246875800000001, '2023-11-14 17:08:29');
INSERT INTO `sys_menu` (`id`, `pid`, `name`, `url`, `permissions`, `menu_type`, `icon`, `sort`, `creator`, `create_date`, `updater`, `update_date`) VALUES (1724352203600334854, 1724352203600334849, '导出', NULL, 'flowRecord:flowrecord:export', 1, NULL, 4, 1067246875800000001, '2023-11-14 17:08:29', 1067246875800000001, '2023-11-14 17:08:29');
INSERT INTO `sys_menu` (`id`, `pid`, `name`, `url`, `permissions`, `menu_type`, `icon`, `sort`, `creator`, `create_date`, `updater`, `update_date`) VALUES (1724382341901590529, 1727920533577777153, '轮播图', 'swiper/swiper', NULL, 0, 'icon-desktop', 0, 1067246875800000001, '2023-11-14 19:08:20', 1067246875800000001, '2023-11-24 13:26:19');
INSERT INTO `sys_menu` (`id`, `pid`, `name`, `url`, `permissions`, `menu_type`, `icon`, `sort`, `creator`, `create_date`, `updater`, `update_date`) VALUES (1724382341901590530, 1724382341901590529, '查看', NULL, 'swiper:swiper:page,swiper:swiper:info', 1, NULL, 0, 1067246875800000001, '2023-11-14 19:08:20', 1067246875800000001, '2023-11-14 19:08:20');
INSERT INTO `sys_menu` (`id`, `pid`, `name`, `url`, `permissions`, `menu_type`, `icon`, `sort`, `creator`, `create_date`, `updater`, `update_date`) VALUES (1724382341901590531, 1724382341901590529, '新增', NULL, 'swiper:swiper:save', 1, NULL, 1, 1067246875800000001, '2023-11-14 19:08:20', 1067246875800000001, '2023-11-14 19:08:20');
INSERT INTO `sys_menu` (`id`, `pid`, `name`, `url`, `permissions`, `menu_type`, `icon`, `sort`, `creator`, `create_date`, `updater`, `update_date`) VALUES (1724382341901590532, 1724382341901590529, '修改', NULL, 'swiper:swiper:update', 1, NULL, 2, 1067246875800000001, '2023-11-14 19:08:20', 1067246875800000001, '2023-11-14 19:08:20');
INSERT INTO `sys_menu` (`id`, `pid`, `name`, `url`, `permissions`, `menu_type`, `icon`, `sort`, `creator`, `create_date`, `updater`, `update_date`) VALUES (1724382341901590533, 1724382341901590529, '删除', NULL, 'swiper:swiper:delete', 1, NULL, 3, 1067246875800000001, '2023-11-14 19:08:20', 1067246875800000001, '2023-11-14 19:08:20');
INSERT INTO `sys_menu` (`id`, `pid`, `name`, `url`, `permissions`, `menu_type`, `icon`, `sort`, `creator`, `create_date`, `updater`, `update_date`) VALUES (1724382341901590534, 1724382341901590529, '导出', NULL, 'swiper:swiper:export', 1, NULL, 4, 1067246875800000001, '2023-11-14 19:08:20', 1067246875800000001, '2023-11-14 19:08:20');
INSERT INTO `sys_menu` (`id`, `pid`, `name`, `url`, `permissions`, `menu_type`, `icon`, `sort`, `creator`, `create_date`, `updater`, `update_date`) VALUES (1724971180290625537, 1727921890728722434, '用户提现代付表', 'withdrawal/withdrawal', NULL, 0, 'icon-desktop', 0, 1067246875800000001, '2023-11-16 10:15:00', 1067246875800000001, '2023-11-24 13:27:47');
INSERT INTO `sys_menu` (`id`, `pid`, `name`, `url`, `permissions`, `menu_type`, `icon`, `sort`, `creator`, `create_date`, `updater`, `update_date`) VALUES (1724971180290625538, 1724971180290625537, '查看', NULL, 'withdrawal:withdrawal:page,withdrawal:withdrawal:info', 1, NULL, 0, 1067246875800000001, '2023-11-16 10:15:00', 1067246875800000001, '2023-11-16 10:15:00');
INSERT INTO `sys_menu` (`id`, `pid`, `name`, `url`, `permissions`, `menu_type`, `icon`, `sort`, `creator`, `create_date`, `updater`, `update_date`) VALUES (1724971180290625539, 1724971180290625537, '新增', NULL, 'withdrawal:withdrawal:save', 1, NULL, 1, 1067246875800000001, '2023-11-16 10:15:00', 1067246875800000001, '2023-11-16 10:15:00');
INSERT INTO `sys_menu` (`id`, `pid`, `name`, `url`, `permissions`, `menu_type`, `icon`, `sort`, `creator`, `create_date`, `updater`, `update_date`) VALUES (1724971180290625540, 1724971180290625537, '修改', NULL, 'withdrawal:withdrawal:update', 1, NULL, 2, 1067246875800000001, '2023-11-16 10:15:00', 1067246875800000001, '2023-11-16 10:15:00');
INSERT INTO `sys_menu` (`id`, `pid`, `name`, `url`, `permissions`, `menu_type`, `icon`, `sort`, `creator`, `create_date`, `updater`, `update_date`) VALUES (1724971180290625541, 1724971180290625537, '删除', NULL, 'withdrawal:withdrawal:delete', 1, NULL, 3, 1067246875800000001, '2023-11-16 10:15:00', 1067246875800000001, '2023-11-16 10:15:00');
INSERT INTO `sys_menu` (`id`, `pid`, `name`, `url`, `permissions`, `menu_type`, `icon`, `sort`, `creator`, `create_date`, `updater`, `update_date`) VALUES (1724971180290625542, 1724971180290625537, '导出', NULL, 'withdrawal:withdrawal:export', 1, NULL, 4, 1067246875800000001, '2023-11-16 10:15:00', 1067246875800000001, '2023-11-16 10:15:00');
INSERT INTO `sys_menu` (`id`, `pid`, `name`, `url`, `permissions`, `menu_type`, `icon`, `sort`, `creator`, `create_date`, `updater`, `update_date`) VALUES (1726522745782661122, 1727920533577777153, '更新配置', 'appupdate/appupdate', NULL, 0, 'icon-desktop', 0, 1067246875800000001, '2023-11-20 16:48:16', 1067246875800000001, '2023-11-24 13:26:37');
INSERT INTO `sys_menu` (`id`, `pid`, `name`, `url`, `permissions`, `menu_type`, `icon`, `sort`, `creator`, `create_date`, `updater`, `update_date`) VALUES (1726522745782661123, 1726522745782661122, '查看', NULL, 'appupdate:appupdate:page,appupdate:appupdate:info', 1, NULL, 0, 1067246875800000001, '2023-11-20 16:48:16', 1067246875800000001, '2023-11-20 16:48:16');
INSERT INTO `sys_menu` (`id`, `pid`, `name`, `url`, `permissions`, `menu_type`, `icon`, `sort`, `creator`, `create_date`, `updater`, `update_date`) VALUES (1726522745782661124, 1726522745782661122, '新增', NULL, 'appupdate:appupdate:save', 1, NULL, 1, 1067246875800000001, '2023-11-20 16:48:16', 1067246875800000001, '2023-11-20 16:48:16');
INSERT INTO `sys_menu` (`id`, `pid`, `name`, `url`, `permissions`, `menu_type`, `icon`, `sort`, `creator`, `create_date`, `updater`, `update_date`) VALUES (1726522745782661125, 1726522745782661122, '修改', NULL, 'appupdate:appupdate:update', 1, NULL, 2, 1067246875800000001, '2023-11-20 16:48:16', 1067246875800000001, '2023-11-20 16:48:16');
INSERT INTO `sys_menu` (`id`, `pid`, `name`, `url`, `permissions`, `menu_type`, `icon`, `sort`, `creator`, `create_date`, `updater`, `update_date`) VALUES (1726522745782661126, 1726522745782661122, '删除', NULL, 'appupdate:appupdate:delete', 1, NULL, 3, 1067246875800000001, '2023-11-20 16:48:16', 1067246875800000001, '2023-11-20 16:48:16');
INSERT INTO `sys_menu` (`id`, `pid`, `name`, `url`, `permissions`, `menu_type`, `icon`, `sort`, `creator`, `create_date`, `updater`, `update_date`) VALUES (1726522745782661127, 1726522745782661122, '导出', NULL, 'appupdate:appupdate:export', 1, NULL, 4, 1067246875800000001, '2023-11-20 16:48:16', 1067246875800000001, '2023-11-20 16:48:16');
INSERT INTO `sys_menu` (`id`, `pid`, `name`, `url`, `permissions`, `menu_type`, `icon`, `sort`, `creator`, `create_date`, `updater`, `update_date`) VALUES (1726526049099161601, 1727920362823467010, '反馈列表', 'userfeedback/userfeedback', NULL, 0, 'icon-desktop', 0, 1067246875800000001, '2023-11-20 17:13:41', 1067246875800000001, '2023-11-24 13:26:45');
INSERT INTO `sys_menu` (`id`, `pid`, `name`, `url`, `permissions`, `menu_type`, `icon`, `sort`, `creator`, `create_date`, `updater`, `update_date`) VALUES (1726526049099161602, 1726526049099161601, '查看', NULL, 'userfeedback:userfeedback:page,userfeedback:userfeedback:info', 1, NULL, 0, 1067246875800000001, '2023-11-20 17:13:41', 1067246875800000001, '2023-11-20 17:13:41');
INSERT INTO `sys_menu` (`id`, `pid`, `name`, `url`, `permissions`, `menu_type`, `icon`, `sort`, `creator`, `create_date`, `updater`, `update_date`) VALUES (1726526049099161603, 1726526049099161601, '新增', NULL, 'userfeedback:userfeedback:save', 1, NULL, 1, 1067246875800000001, '2023-11-20 17:13:41', 1067246875800000001, '2023-11-20 17:13:41');
INSERT INTO `sys_menu` (`id`, `pid`, `name`, `url`, `permissions`, `menu_type`, `icon`, `sort`, `creator`, `create_date`, `updater`, `update_date`) VALUES (1726526049099161604, 1726526049099161601, '修改', NULL, 'userfeedback:userfeedback:update', 1, NULL, 2, 1067246875800000001, '2023-11-20 17:13:42', 1067246875800000001, '2023-11-20 17:13:42');
INSERT INTO `sys_menu` (`id`, `pid`, `name`, `url`, `permissions`, `menu_type`, `icon`, `sort`, `creator`, `create_date`, `updater`, `update_date`) VALUES (1726526049099161605, 1726526049099161601, '删除', NULL, 'userfeedback:userfeedback:delete', 1, NULL, 3, 1067246875800000001, '2023-11-20 17:13:42', 1067246875800000001, '2023-11-20 17:13:42');
INSERT INTO `sys_menu` (`id`, `pid`, `name`, `url`, `permissions`, `menu_type`, `icon`, `sort`, `creator`, `create_date`, `updater`, `update_date`) VALUES (1726526049099161606, 1726526049099161601, '导出', NULL, 'userfeedback:userfeedback:export', 1, NULL, 4, 1067246875800000001, '2023-11-20 17:13:42', 1067246875800000001, '2023-11-20 17:13:42');
INSERT INTO `sys_menu` (`id`, `pid`, `name`, `url`, `permissions`, `menu_type`, `icon`, `sort`, `creator`, `create_date`, `updater`, `update_date`) VALUES (1727914795581091842, 1727920257454161922, '用户', 'user/user', NULL, 0, 'icon-desktop', 0, 1067246875800000001, '2023-11-24 13:00:06', 1067246875800000001, '2023-11-24 13:23:56');
INSERT INTO `sys_menu` (`id`, `pid`, `name`, `url`, `permissions`, `menu_type`, `icon`, `sort`, `creator`, `create_date`, `updater`, `update_date`) VALUES (1727914795581091843, 1727914795581091842, '查看', NULL, 'user:user:page,user:user:info', 1, NULL, 0, 1067246875800000001, '2023-11-24 13:00:06', 1067246875800000001, '2023-11-24 13:00:06');
INSERT INTO `sys_menu` (`id`, `pid`, `name`, `url`, `permissions`, `menu_type`, `icon`, `sort`, `creator`, `create_date`, `updater`, `update_date`) VALUES (1727914795581091844, 1727914795581091842, '新增', NULL, 'user:user:save', 1, NULL, 1, 1067246875800000001, '2023-11-24 13:00:06', 1067246875800000001, '2023-11-24 13:00:06');
INSERT INTO `sys_menu` (`id`, `pid`, `name`, `url`, `permissions`, `menu_type`, `icon`, `sort`, `creator`, `create_date`, `updater`, `update_date`) VALUES (1727914795581091845, 1727914795581091842, '修改', NULL, 'user:user:update', 1, NULL, 2, 1067246875800000001, '2023-11-24 13:00:06', 1067246875800000001, '2023-11-24 13:00:06');
INSERT INTO `sys_menu` (`id`, `pid`, `name`, `url`, `permissions`, `menu_type`, `icon`, `sort`, `creator`, `create_date`, `updater`, `update_date`) VALUES (1727914795581091846, 1727914795581091842, '删除', NULL, 'user:user:delete', 1, NULL, 3, 1067246875800000001, '2023-11-24 13:00:06', 1067246875800000001, '2023-11-24 13:00:06');
INSERT INTO `sys_menu` (`id`, `pid`, `name`, `url`, `permissions`, `menu_type`, `icon`, `sort`, `creator`, `create_date`, `updater`, `update_date`) VALUES (1727914795581091847, 1727914795581091842, '导出', NULL, 'user:user:export', 1, NULL, 4, 1067246875800000001, '2023-11-24 13:00:06', 1067246875800000001, '2023-11-24 13:00:06');
INSERT INTO `sys_menu` (`id`, `pid`, `name`, `url`, `permissions`, `menu_type`, `icon`, `sort`, `creator`, `create_date`, `updater`, `update_date`) VALUES (1727920257454161922, 0, '用户管理', '', '', 0, 'icon-check-circle', 0, 1067246875800000001, '2023-11-24 13:21:07', 1067246875800000001, '2023-11-24 13:21:07');
INSERT INTO `sys_menu` (`id`, `pid`, `name`, `url`, `permissions`, `menu_type`, `icon`, `sort`, `creator`, `create_date`, `updater`, `update_date`) VALUES (1727920362823467010, 0, '流水记录', '', '', 0, 'icon-appstore', 2, 1067246875800000001, '2023-11-24 13:21:32', 1067246875800000001, '2023-11-24 13:21:32');
INSERT INTO `sys_menu` (`id`, `pid`, `name`, `url`, `permissions`, `menu_type`, `icon`, `sort`, `creator`, `create_date`, `updater`, `update_date`) VALUES (1727920533577777153, 0, '系统配置', '', '', 0, 'icon-detail', 5, 1067246875800000001, '2023-11-24 13:22:13', 1067246875800000001, '2023-11-24 13:22:13');
INSERT INTO `sys_menu` (`id`, `pid`, `name`, `url`, `permissions`, `menu_type`, `icon`, `sort`, `creator`, `create_date`, `updater`, `update_date`) VALUES (1727921257845997570, 0, '充值配置', '', '', 0, 'icon-detail', 5, 1067246875800000001, '2023-11-24 13:25:06', 1067246875800000001, '2023-11-24 13:25:06');
INSERT INTO `sys_menu` (`id`, `pid`, `name`, `url`, `permissions`, `menu_type`, `icon`, `sort`, `creator`, `create_date`, `updater`, `update_date`) VALUES (1727921890728722434, 0, '用户提现', '', '', 0, 'icon-detail', 4, 1067246875800000001, '2023-11-24 13:27:37', 1067246875800000001, '2023-11-24 13:27:37');
INSERT INTO `sys_menu` (`id`, `pid`, `name`, `url`, `permissions`, `menu_type`, `icon`, `sort`, `creator`, `create_date`, `updater`, `update_date`) VALUES (1729377913712791554, 1727920533577777153, '短信配置', 'smsconfig/smsconfig', '', 0, 'icon-control', 0, 1067246875800000001, '2023-11-28 13:53:20', 1067246875800000001, '2023-11-28 13:53:20');
INSERT INTO `sys_menu` (`id`, `pid`, `name`, `url`, `permissions`, `menu_type`, `icon`, `sort`, `creator`, `create_date`, `updater`, `update_date`) VALUES (1729417198893637634, 1727920533577777153, '邮箱配置', 'emailconfig/emailconfig', '', 0, 'icon-detail', 0, 1067246875800000001, '2023-11-28 16:29:26', 1067246875800000001, '2023-11-28 16:29:26');
INSERT INTO `sys_menu` (`id`, `pid`, `name`, `url`, `permissions`, `menu_type`, `icon`, `sort`, `creator`, `create_date`, `updater`, `update_date`) VALUES (1729729171036528642, 1749332382802010113, '帖子表', 'post/post', NULL, 0, 'icon-desktop', 0, 1067246875800000001, '2023-11-29 13:09:22', 1067246875800000001, '2024-01-22 15:25:37');
INSERT INTO `sys_menu` (`id`, `pid`, `name`, `url`, `permissions`, `menu_type`, `icon`, `sort`, `creator`, `create_date`, `updater`, `update_date`) VALUES (1729729171036528643, 1729729171036528642, '查看', NULL, 'post:post:page,post:post:info', 1, NULL, 0, 1067246875800000001, '2023-11-29 13:09:22', 1067246875800000001, '2023-11-29 13:09:22');
INSERT INTO `sys_menu` (`id`, `pid`, `name`, `url`, `permissions`, `menu_type`, `icon`, `sort`, `creator`, `create_date`, `updater`, `update_date`) VALUES (1729729171036528644, 1729729171036528642, '新增', NULL, 'post:post:save', 1, NULL, 1, 1067246875800000001, '2023-11-29 13:09:22', 1067246875800000001, '2023-11-29 13:09:22');
INSERT INTO `sys_menu` (`id`, `pid`, `name`, `url`, `permissions`, `menu_type`, `icon`, `sort`, `creator`, `create_date`, `updater`, `update_date`) VALUES (1729729171036528645, 1729729171036528642, '修改', NULL, 'post:post:update', 1, NULL, 2, 1067246875800000001, '2023-11-29 13:09:22', 1067246875800000001, '2023-11-29 13:09:22');
INSERT INTO `sys_menu` (`id`, `pid`, `name`, `url`, `permissions`, `menu_type`, `icon`, `sort`, `creator`, `create_date`, `updater`, `update_date`) VALUES (1729729171036528646, 1729729171036528642, '删除', NULL, 'post:post:delete', 1, NULL, 3, 1067246875800000001, '2023-11-29 13:09:22', 1067246875800000001, '2023-11-29 13:09:22');
INSERT INTO `sys_menu` (`id`, `pid`, `name`, `url`, `permissions`, `menu_type`, `icon`, `sort`, `creator`, `create_date`, `updater`, `update_date`) VALUES (1729729171036528647, 1729729171036528642, '导出', NULL, 'post:post:export', 1, NULL, 4, 1067246875800000001, '2023-11-29 13:09:22', 1067246875800000001, '2023-11-29 13:09:22');
INSERT INTO `sys_menu` (`id`, `pid`, `name`, `url`, `permissions`, `menu_type`, `icon`, `sort`, `creator`, `create_date`, `updater`, `update_date`) VALUES (1729784850992361474, 1749332382802010113, '点赞记录表', 'fabulous/fabulous', NULL, 0, 'icon-desktop', 0, 1067246875800000001, '2023-11-29 16:50:45', 1067246875800000001, '2024-01-22 15:26:06');
INSERT INTO `sys_menu` (`id`, `pid`, `name`, `url`, `permissions`, `menu_type`, `icon`, `sort`, `creator`, `create_date`, `updater`, `update_date`) VALUES (1729784850992361475, 1729784850992361474, '查看', NULL, 'fabulous:fabulous:page,fabulous:fabulous:info', 1, NULL, 0, 1067246875800000001, '2023-11-29 16:50:45', 1067246875800000001, '2023-11-29 16:50:45');
INSERT INTO `sys_menu` (`id`, `pid`, `name`, `url`, `permissions`, `menu_type`, `icon`, `sort`, `creator`, `create_date`, `updater`, `update_date`) VALUES (1729784850992361476, 1729784850992361474, '新增', NULL, 'fabulous:fabulous:save', 1, NULL, 1, 1067246875800000001, '2023-11-29 16:50:45', 1067246875800000001, '2023-11-29 16:50:45');
INSERT INTO `sys_menu` (`id`, `pid`, `name`, `url`, `permissions`, `menu_type`, `icon`, `sort`, `creator`, `create_date`, `updater`, `update_date`) VALUES (1729784850992361477, 1729784850992361474, '修改', NULL, 'fabulous:fabulous:update', 1, NULL, 2, 1067246875800000001, '2023-11-29 16:50:45', 1067246875800000001, '2023-11-29 16:50:45');
INSERT INTO `sys_menu` (`id`, `pid`, `name`, `url`, `permissions`, `menu_type`, `icon`, `sort`, `creator`, `create_date`, `updater`, `update_date`) VALUES (1729784850992361478, 1729784850992361474, '删除', NULL, 'fabulous:fabulous:delete', 1, NULL, 3, 1067246875800000001, '2023-11-29 16:50:45', 1067246875800000001, '2023-11-29 16:50:45');
INSERT INTO `sys_menu` (`id`, `pid`, `name`, `url`, `permissions`, `menu_type`, `icon`, `sort`, `creator`, `create_date`, `updater`, `update_date`) VALUES (1729784850992361479, 1729784850992361474, '导出', NULL, 'fabulous:fabulous:export', 1, NULL, 4, 1067246875800000001, '2023-11-29 16:50:45', 1067246875800000001, '2023-11-29 16:50:45');
INSERT INTO `sys_menu` (`id`, `pid`, `name`, `url`, `permissions`, `menu_type`, `icon`, `sort`, `creator`, `create_date`, `updater`, `update_date`) VALUES (1730096862645112833, 1749332382802010113, '评论', 'comment/comment', NULL, 0, 'icon-desktop', 0, 1067246875800000001, '2023-11-30 13:30:34', 1067246875800000001, '2024-01-22 15:26:14');
INSERT INTO `sys_menu` (`id`, `pid`, `name`, `url`, `permissions`, `menu_type`, `icon`, `sort`, `creator`, `create_date`, `updater`, `update_date`) VALUES (1730096862645112834, 1730096862645112833, '查看', NULL, 'comment:comment:page,comment:comment:info', 1, NULL, 0, 1067246875800000001, '2023-11-30 13:30:34', 1067246875800000001, '2023-11-30 13:30:34');
INSERT INTO `sys_menu` (`id`, `pid`, `name`, `url`, `permissions`, `menu_type`, `icon`, `sort`, `creator`, `create_date`, `updater`, `update_date`) VALUES (1730096862645112835, 1730096862645112833, '新增', NULL, 'comment:comment:save', 1, NULL, 1, 1067246875800000001, '2023-11-30 13:30:34', 1067246875800000001, '2023-11-30 13:30:34');
INSERT INTO `sys_menu` (`id`, `pid`, `name`, `url`, `permissions`, `menu_type`, `icon`, `sort`, `creator`, `create_date`, `updater`, `update_date`) VALUES (1730096862645112836, 1730096862645112833, '修改', NULL, 'comment:comment:update', 1, NULL, 2, 1067246875800000001, '2023-11-30 13:30:34', 1067246875800000001, '2023-11-30 13:30:34');
INSERT INTO `sys_menu` (`id`, `pid`, `name`, `url`, `permissions`, `menu_type`, `icon`, `sort`, `creator`, `create_date`, `updater`, `update_date`) VALUES (1730096862645112837, 1730096862645112833, '删除', NULL, 'comment:comment:delete', 1, NULL, 3, 1067246875800000001, '2023-11-30 13:30:34', 1067246875800000001, '2023-11-30 13:30:34');
INSERT INTO `sys_menu` (`id`, `pid`, `name`, `url`, `permissions`, `menu_type`, `icon`, `sort`, `creator`, `create_date`, `updater`, `update_date`) VALUES (1730096862645112838, 1730096862645112833, '导出', NULL, 'comment:comment:export', 1, NULL, 4, 1067246875800000001, '2023-11-30 13:30:34', 1067246875800000001, '2023-11-30 13:30:34');
INSERT INTO `sys_menu` (`id`, `pid`, `name`, `url`, `permissions`, `menu_type`, `icon`, `sort`, `creator`, `create_date`, `updater`, `update_date`) VALUES (1730408500967772162, 1749332945891516418, '关注表', 'follow/follow', NULL, 0, 'icon-desktop', 0, 1067246875800000001, '2023-12-01 10:08:57', 1067246875800000001, '2024-01-22 15:27:40');
INSERT INTO `sys_menu` (`id`, `pid`, `name`, `url`, `permissions`, `menu_type`, `icon`, `sort`, `creator`, `create_date`, `updater`, `update_date`) VALUES (1730408500967772163, 1730408500967772162, '查看', NULL, 'follow:follow:page,follow:follow:info', 1, NULL, 0, 1067246875800000001, '2023-12-01 10:08:57', 1067246875800000001, '2023-12-01 10:08:57');
INSERT INTO `sys_menu` (`id`, `pid`, `name`, `url`, `permissions`, `menu_type`, `icon`, `sort`, `creator`, `create_date`, `updater`, `update_date`) VALUES (1730408500967772164, 1730408500967772162, '新增', NULL, 'follow:follow:save', 1, NULL, 1, 1067246875800000001, '2023-12-01 10:08:57', 1067246875800000001, '2023-12-01 10:08:57');
INSERT INTO `sys_menu` (`id`, `pid`, `name`, `url`, `permissions`, `menu_type`, `icon`, `sort`, `creator`, `create_date`, `updater`, `update_date`) VALUES (1730408500967772165, 1730408500967772162, '修改', NULL, 'follow:follow:update', 1, NULL, 2, 1067246875800000001, '2023-12-01 10:08:57', 1067246875800000001, '2023-12-01 10:08:57');
INSERT INTO `sys_menu` (`id`, `pid`, `name`, `url`, `permissions`, `menu_type`, `icon`, `sort`, `creator`, `create_date`, `updater`, `update_date`) VALUES (1730408500967772166, 1730408500967772162, '删除', NULL, 'follow:follow:delete', 1, NULL, 3, 1067246875800000001, '2023-12-01 10:08:57', 1067246875800000001, '2023-12-01 10:08:57');
INSERT INTO `sys_menu` (`id`, `pid`, `name`, `url`, `permissions`, `menu_type`, `icon`, `sort`, `creator`, `create_date`, `updater`, `update_date`) VALUES (1730408500967772167, 1730408500967772162, '导出', NULL, 'follow:follow:export', 1, NULL, 4, 1067246875800000001, '2023-12-01 10:08:57', 1067246875800000001, '2023-12-01 10:08:57');
INSERT INTO `sys_menu` (`id`, `pid`, `name`, `url`, `permissions`, `menu_type`, `icon`, `sort`, `creator`, `create_date`, `updater`, `update_date`) VALUES (1731217764269170689, 1749332707428556802, '消息会话', 'msgsession/msgsession', NULL, 0, 'icon-desktop', 0, 1067246875800000001, '2023-12-03 15:44:48', 1067246875800000001, '2024-01-22 15:26:46');
INSERT INTO `sys_menu` (`id`, `pid`, `name`, `url`, `permissions`, `menu_type`, `icon`, `sort`, `creator`, `create_date`, `updater`, `update_date`) VALUES (1731217764269170690, 1731217764269170689, '查看', NULL, 'msgsession:msgsession:page,msgsession:msgsession:info', 1, NULL, 0, 1067246875800000001, '2023-12-03 15:44:48', 1067246875800000001, '2023-12-03 15:44:48');
INSERT INTO `sys_menu` (`id`, `pid`, `name`, `url`, `permissions`, `menu_type`, `icon`, `sort`, `creator`, `create_date`, `updater`, `update_date`) VALUES (1731217764269170691, 1731217764269170689, '新增', NULL, 'msgsession:msgsession:save', 1, NULL, 1, 1067246875800000001, '2023-12-03 15:44:48', 1067246875800000001, '2023-12-03 15:44:48');
INSERT INTO `sys_menu` (`id`, `pid`, `name`, `url`, `permissions`, `menu_type`, `icon`, `sort`, `creator`, `create_date`, `updater`, `update_date`) VALUES (1731217764269170692, 1731217764269170689, '修改', NULL, 'msgsession:msgsession:update', 1, NULL, 2, 1067246875800000001, '2023-12-03 15:44:48', 1067246875800000001, '2023-12-03 15:44:48');
INSERT INTO `sys_menu` (`id`, `pid`, `name`, `url`, `permissions`, `menu_type`, `icon`, `sort`, `creator`, `create_date`, `updater`, `update_date`) VALUES (1731217764269170693, 1731217764269170689, '删除', NULL, 'msgsession:msgsession:delete', 1, NULL, 3, 1067246875800000001, '2023-12-03 15:44:48', 1067246875800000001, '2023-12-03 15:44:48');
INSERT INTO `sys_menu` (`id`, `pid`, `name`, `url`, `permissions`, `menu_type`, `icon`, `sort`, `creator`, `create_date`, `updater`, `update_date`) VALUES (1731217764269170694, 1731217764269170689, '导出', NULL, 'msgsession:msgsession:export', 1, NULL, 4, 1067246875800000001, '2023-12-03 15:44:48', 1067246875800000001, '2023-12-03 15:44:48');
INSERT INTO `sys_menu` (`id`, `pid`, `name`, `url`, `permissions`, `menu_type`, `icon`, `sort`, `creator`, `create_date`, `updater`, `update_date`) VALUES (1731219417479274497, 1749332707428556802, '消息记录', 'messagetask/messagetask', NULL, 0, 'icon-desktop', 0, 1067246875800000001, '2023-12-03 15:51:14', 1067246875800000001, '2024-01-22 15:26:58');
INSERT INTO `sys_menu` (`id`, `pid`, `name`, `url`, `permissions`, `menu_type`, `icon`, `sort`, `creator`, `create_date`, `updater`, `update_date`) VALUES (1731219417479274498, 1731219417479274497, '查看', NULL, 'messagetask:messagetask:page,messagetask:messagetask:info', 1, NULL, 0, 1067246875800000001, '2023-12-03 15:51:14', 1067246875800000001, '2023-12-03 15:51:14');
INSERT INTO `sys_menu` (`id`, `pid`, `name`, `url`, `permissions`, `menu_type`, `icon`, `sort`, `creator`, `create_date`, `updater`, `update_date`) VALUES (1731219417479274499, 1731219417479274497, '新增', NULL, 'messagetask:messagetask:save', 1, NULL, 1, 1067246875800000001, '2023-12-03 15:51:14', 1067246875800000001, '2023-12-03 15:51:14');
INSERT INTO `sys_menu` (`id`, `pid`, `name`, `url`, `permissions`, `menu_type`, `icon`, `sort`, `creator`, `create_date`, `updater`, `update_date`) VALUES (1731219417479274500, 1731219417479274497, '修改', NULL, 'messagetask:messagetask:update', 1, NULL, 2, 1067246875800000001, '2023-12-03 15:51:14', 1067246875800000001, '2023-12-03 15:51:14');
INSERT INTO `sys_menu` (`id`, `pid`, `name`, `url`, `permissions`, `menu_type`, `icon`, `sort`, `creator`, `create_date`, `updater`, `update_date`) VALUES (1731219417479274501, 1731219417479274497, '删除', NULL, 'messagetask:messagetask:delete', 1, NULL, 3, 1067246875800000001, '2023-12-03 15:51:14', 1067246875800000001, '2023-12-03 15:51:14');
INSERT INTO `sys_menu` (`id`, `pid`, `name`, `url`, `permissions`, `menu_type`, `icon`, `sort`, `creator`, `create_date`, `updater`, `update_date`) VALUES (1731219417479274502, 1731219417479274497, '导出', NULL, 'messagetask:messagetask:export', 1, NULL, 4, 1067246875800000001, '2023-12-03 15:51:14', 1067246875800000001, '2023-12-03 15:51:14');
INSERT INTO `sys_menu` (`id`, `pid`, `name`, `url`, `permissions`, `menu_type`, `icon`, `sort`, `creator`, `create_date`, `updater`, `update_date`) VALUES (1731934229232635906, 1749331635515449345, '圈子表', 'circle/circle', NULL, 0, 'icon-desktop', 0, 1067246875800000001, '2023-12-05 15:11:38', 1067246875800000001, '2024-01-22 15:22:37');
INSERT INTO `sys_menu` (`id`, `pid`, `name`, `url`, `permissions`, `menu_type`, `icon`, `sort`, `creator`, `create_date`, `updater`, `update_date`) VALUES (1731934229236830209, 1731934229232635906, '查看', NULL, 'circle:circle:page,circle:circle:info', 1, NULL, 0, 1067246875800000001, '2023-12-05 15:11:38', 1067246875800000001, '2023-12-05 15:11:38');
INSERT INTO `sys_menu` (`id`, `pid`, `name`, `url`, `permissions`, `menu_type`, `icon`, `sort`, `creator`, `create_date`, `updater`, `update_date`) VALUES (1731934229236830210, 1731934229232635906, '新增', NULL, 'circle:circle:save', 1, NULL, 1, 1067246875800000001, '2023-12-05 15:11:38', 1067246875800000001, '2023-12-05 15:11:38');
INSERT INTO `sys_menu` (`id`, `pid`, `name`, `url`, `permissions`, `menu_type`, `icon`, `sort`, `creator`, `create_date`, `updater`, `update_date`) VALUES (1731934229236830211, 1731934229232635906, '修改', NULL, 'circle:circle:update', 1, NULL, 2, 1067246875800000001, '2023-12-05 15:11:38', 1067246875800000001, '2023-12-05 15:11:38');
INSERT INTO `sys_menu` (`id`, `pid`, `name`, `url`, `permissions`, `menu_type`, `icon`, `sort`, `creator`, `create_date`, `updater`, `update_date`) VALUES (1731934229236830212, 1731934229232635906, '删除', NULL, 'circle:circle:delete', 1, NULL, 3, 1067246875800000001, '2023-12-05 15:11:38', 1067246875800000001, '2023-12-05 15:11:38');
INSERT INTO `sys_menu` (`id`, `pid`, `name`, `url`, `permissions`, `menu_type`, `icon`, `sort`, `creator`, `create_date`, `updater`, `update_date`) VALUES (1731934229236830213, 1731934229232635906, '导出', NULL, 'circle:circle:export', 1, NULL, 4, 1067246875800000001, '2023-12-05 15:11:38', 1067246875800000001, '2023-12-05 15:11:38');
INSERT INTO `sys_menu` (`id`, `pid`, `name`, `url`, `permissions`, `menu_type`, `icon`, `sort`, `creator`, `create_date`, `updater`, `update_date`) VALUES (1731935917385564161, 1749331635515449345, '圈子分类', 'circleclass/circleclass', NULL, 0, 'icon-desktop', 0, 1067246875800000001, '2023-12-05 15:18:23', 1067246875800000001, '2024-01-22 15:22:46');
INSERT INTO `sys_menu` (`id`, `pid`, `name`, `url`, `permissions`, `menu_type`, `icon`, `sort`, `creator`, `create_date`, `updater`, `update_date`) VALUES (1731935917385564162, 1731935917385564161, '查看', NULL, 'circleclass:circleclass:page,circleclass:circleclass:info', 1, NULL, 0, 1067246875800000001, '2023-12-05 15:18:23', 1067246875800000001, '2023-12-05 15:18:23');
INSERT INTO `sys_menu` (`id`, `pid`, `name`, `url`, `permissions`, `menu_type`, `icon`, `sort`, `creator`, `create_date`, `updater`, `update_date`) VALUES (1731935917385564163, 1731935917385564161, '新增', NULL, 'circleclass:circleclass:save', 1, NULL, 1, 1067246875800000001, '2023-12-05 15:18:23', 1067246875800000001, '2023-12-05 15:18:23');
INSERT INTO `sys_menu` (`id`, `pid`, `name`, `url`, `permissions`, `menu_type`, `icon`, `sort`, `creator`, `create_date`, `updater`, `update_date`) VALUES (1731935917385564164, 1731935917385564161, '修改', NULL, 'circleclass:circleclass:update', 1, NULL, 2, 1067246875800000001, '2023-12-05 15:18:23', 1067246875800000001, '2023-12-05 15:18:23');
INSERT INTO `sys_menu` (`id`, `pid`, `name`, `url`, `permissions`, `menu_type`, `icon`, `sort`, `creator`, `create_date`, `updater`, `update_date`) VALUES (1731935917385564165, 1731935917385564161, '删除', NULL, 'circleclass:circleclass:delete', 1, NULL, 3, 1067246875800000001, '2023-12-05 15:18:23', 1067246875800000001, '2023-12-05 15:18:23');
INSERT INTO `sys_menu` (`id`, `pid`, `name`, `url`, `permissions`, `menu_type`, `icon`, `sort`, `creator`, `create_date`, `updater`, `update_date`) VALUES (1731935917385564166, 1731935917385564161, '导出', NULL, 'circleclass:circleclass:export', 1, NULL, 4, 1067246875800000001, '2023-12-05 15:18:23', 1067246875800000001, '2023-12-05 15:18:23');
INSERT INTO `sys_menu` (`id`, `pid`, `name`, `url`, `permissions`, `menu_type`, `icon`, `sort`, `creator`, `create_date`, `updater`, `update_date`) VALUES (1733012861749346305, 1749331635515449345, '圈子人员', 'circleuser/circleuser', NULL, 0, 'icon-desktop', 0, 1067246875800000001, '2023-12-08 14:37:38', 1067246875800000001, '2024-01-22 15:22:55');
INSERT INTO `sys_menu` (`id`, `pid`, `name`, `url`, `permissions`, `menu_type`, `icon`, `sort`, `creator`, `create_date`, `updater`, `update_date`) VALUES (1733012861749346306, 1733012861749346305, '查看', NULL, 'circleuser:circleuser:page,circleuser:circleuser:info', 1, NULL, 0, 1067246875800000001, '2023-12-08 14:37:38', 1067246875800000001, '2023-12-08 14:37:38');
INSERT INTO `sys_menu` (`id`, `pid`, `name`, `url`, `permissions`, `menu_type`, `icon`, `sort`, `creator`, `create_date`, `updater`, `update_date`) VALUES (1733012861749346307, 1733012861749346305, '新增', NULL, 'circleuser:circleuser:save', 1, NULL, 1, 1067246875800000001, '2023-12-08 14:37:38', 1067246875800000001, '2023-12-08 14:37:38');
INSERT INTO `sys_menu` (`id`, `pid`, `name`, `url`, `permissions`, `menu_type`, `icon`, `sort`, `creator`, `create_date`, `updater`, `update_date`) VALUES (1733012861749346308, 1733012861749346305, '修改', NULL, 'circleuser:circleuser:update', 1, NULL, 2, 1067246875800000001, '2023-12-08 14:37:38', 1067246875800000001, '2023-12-08 14:37:38');
INSERT INTO `sys_menu` (`id`, `pid`, `name`, `url`, `permissions`, `menu_type`, `icon`, `sort`, `creator`, `create_date`, `updater`, `update_date`) VALUES (1733012861749346309, 1733012861749346305, '删除', NULL, 'circleuser:circleuser:delete', 1, NULL, 3, 1067246875800000001, '2023-12-08 14:37:38', 1067246875800000001, '2023-12-08 14:37:38');
INSERT INTO `sys_menu` (`id`, `pid`, `name`, `url`, `permissions`, `menu_type`, `icon`, `sort`, `creator`, `create_date`, `updater`, `update_date`) VALUES (1733012861749346310, 1733012861749346305, '导出', NULL, 'circleuser:circleuser:export', 1, NULL, 4, 1067246875800000001, '2023-12-08 14:37:38', 1067246875800000001, '2023-12-08 14:37:38');
INSERT INTO `sys_menu` (`id`, `pid`, `name`, `url`, `permissions`, `menu_type`, `icon`, `sort`, `creator`, `create_date`, `updater`, `update_date`) VALUES (1737700942645260289, 1749332945891516418, '举报表', 'report/report', NULL, 0, 'icon-desktop', 0, 1067246875800000001, '2023-12-21 13:06:31', 1067246875800000001, '2024-01-22 15:28:38');
INSERT INTO `sys_menu` (`id`, `pid`, `name`, `url`, `permissions`, `menu_type`, `icon`, `sort`, `creator`, `create_date`, `updater`, `update_date`) VALUES (1737700942645260290, 1737700942645260289, '查看', NULL, 'report:report:page,report:report:info', 1, NULL, 0, 1067246875800000001, '2023-12-21 13:06:31', 1067246875800000001, '2023-12-21 13:06:31');
INSERT INTO `sys_menu` (`id`, `pid`, `name`, `url`, `permissions`, `menu_type`, `icon`, `sort`, `creator`, `create_date`, `updater`, `update_date`) VALUES (1737700942645260291, 1737700942645260289, '新增', NULL, 'report:report:save', 1, NULL, 1, 1067246875800000001, '2023-12-21 13:06:31', 1067246875800000001, '2023-12-21 13:06:31');
INSERT INTO `sys_menu` (`id`, `pid`, `name`, `url`, `permissions`, `menu_type`, `icon`, `sort`, `creator`, `create_date`, `updater`, `update_date`) VALUES (1737700942645260292, 1737700942645260289, '修改', NULL, 'report:report:update', 1, NULL, 2, 1067246875800000001, '2023-12-21 13:06:31', 1067246875800000001, '2023-12-21 13:06:31');
INSERT INTO `sys_menu` (`id`, `pid`, `name`, `url`, `permissions`, `menu_type`, `icon`, `sort`, `creator`, `create_date`, `updater`, `update_date`) VALUES (1737700942645260293, 1737700942645260289, '删除', NULL, 'report:report:delete', 1, NULL, 3, 1067246875800000001, '2023-12-21 13:06:31', 1067246875800000001, '2023-12-21 13:06:31');
INSERT INTO `sys_menu` (`id`, `pid`, `name`, `url`, `permissions`, `menu_type`, `icon`, `sort`, `creator`, `create_date`, `updater`, `update_date`) VALUES (1737700942645260294, 1737700942645260289, '导出', NULL, 'report:report:export', 1, NULL, 4, 1067246875800000001, '2023-12-21 13:06:31', 1067246875800000001, '2023-12-21 13:06:31');
INSERT INTO `sys_menu` (`id`, `pid`, `name`, `url`, `permissions`, `menu_type`, `icon`, `sort`, `creator`, `create_date`, `updater`, `update_date`) VALUES (1738097498733031426, 1749332707428556802, '系统通知表', 'systemmsg/systemmsg', NULL, 0, 'icon-desktop', 0, 1067246875800000001, '2023-12-22 15:22:15', 1067246875800000001, '2024-01-22 15:27:09');
INSERT INTO `sys_menu` (`id`, `pid`, `name`, `url`, `permissions`, `menu_type`, `icon`, `sort`, `creator`, `create_date`, `updater`, `update_date`) VALUES (1738097498733031427, 1738097498733031426, '查看', NULL, 'systemmsg:systemmsg:page,systemmsg:systemmsg:info', 1, NULL, 0, 1067246875800000001, '2023-12-22 15:22:15', 1067246875800000001, '2023-12-22 15:22:15');
INSERT INTO `sys_menu` (`id`, `pid`, `name`, `url`, `permissions`, `menu_type`, `icon`, `sort`, `creator`, `create_date`, `updater`, `update_date`) VALUES (1738097498733031428, 1738097498733031426, '新增', NULL, 'systemmsg:systemmsg:save', 1, NULL, 1, 1067246875800000001, '2023-12-22 15:22:15', 1067246875800000001, '2023-12-22 15:22:15');
INSERT INTO `sys_menu` (`id`, `pid`, `name`, `url`, `permissions`, `menu_type`, `icon`, `sort`, `creator`, `create_date`, `updater`, `update_date`) VALUES (1738097498733031429, 1738097498733031426, '修改', NULL, 'systemmsg:systemmsg:update', 1, NULL, 2, 1067246875800000001, '2023-12-22 15:22:15', 1067246875800000001, '2023-12-22 15:22:15');
INSERT INTO `sys_menu` (`id`, `pid`, `name`, `url`, `permissions`, `menu_type`, `icon`, `sort`, `creator`, `create_date`, `updater`, `update_date`) VALUES (1738097498733031430, 1738097498733031426, '删除', NULL, 'systemmsg:systemmsg:delete', 1, NULL, 3, 1067246875800000001, '2023-12-22 15:22:15', 1067246875800000001, '2023-12-22 15:22:15');
INSERT INTO `sys_menu` (`id`, `pid`, `name`, `url`, `permissions`, `menu_type`, `icon`, `sort`, `creator`, `create_date`, `updater`, `update_date`) VALUES (1738097498733031431, 1738097498733031426, '导出', NULL, 'systemmsg:systemmsg:export', 1, NULL, 4, 1067246875800000001, '2023-12-22 15:22:15', 1067246875800000001, '2023-12-22 15:22:15');
INSERT INTO `sys_menu` (`id`, `pid`, `name`, `url`, `permissions`, `menu_type`, `icon`, `sort`, `creator`, `create_date`, `updater`, `update_date`) VALUES (1739105703362129921, 1749332945891516418, '好友关系表', 'friend/friend', NULL, 0, 'icon-desktop', 0, 1067246875800000001, '2023-12-25 10:08:42', 1067246875800000001, '2024-01-22 15:27:59');
INSERT INTO `sys_menu` (`id`, `pid`, `name`, `url`, `permissions`, `menu_type`, `icon`, `sort`, `creator`, `create_date`, `updater`, `update_date`) VALUES (1739105703362129922, 1739105703362129921, '查看', NULL, 'friend:friend:page,friend:friend:info', 1, NULL, 0, 1067246875800000001, '2023-12-25 10:08:42', 1067246875800000001, '2023-12-25 10:08:42');
INSERT INTO `sys_menu` (`id`, `pid`, `name`, `url`, `permissions`, `menu_type`, `icon`, `sort`, `creator`, `create_date`, `updater`, `update_date`) VALUES (1739105703362129923, 1739105703362129921, '新增', NULL, 'friend:friend:save', 1, NULL, 1, 1067246875800000001, '2023-12-25 10:08:42', 1067246875800000001, '2023-12-25 10:08:42');
INSERT INTO `sys_menu` (`id`, `pid`, `name`, `url`, `permissions`, `menu_type`, `icon`, `sort`, `creator`, `create_date`, `updater`, `update_date`) VALUES (1739105703362129924, 1739105703362129921, '修改', NULL, 'friend:friend:update', 1, NULL, 2, 1067246875800000001, '2023-12-25 10:08:42', 1067246875800000001, '2023-12-25 10:08:42');
INSERT INTO `sys_menu` (`id`, `pid`, `name`, `url`, `permissions`, `menu_type`, `icon`, `sort`, `creator`, `create_date`, `updater`, `update_date`) VALUES (1739105703362129925, 1739105703362129921, '删除', NULL, 'friend:friend:delete', 1, NULL, 3, 1067246875800000001, '2023-12-25 10:08:42', 1067246875800000001, '2023-12-25 10:08:42');
INSERT INTO `sys_menu` (`id`, `pid`, `name`, `url`, `permissions`, `menu_type`, `icon`, `sort`, `creator`, `create_date`, `updater`, `update_date`) VALUES (1739105703362129926, 1739105703362129921, '导出', NULL, 'friend:friend:export', 1, NULL, 4, 1067246875800000001, '2023-12-25 10:08:42', 1067246875800000001, '2023-12-25 10:08:42');
INSERT INTO `sys_menu` (`id`, `pid`, `name`, `url`, `permissions`, `menu_type`, `icon`, `sort`, `creator`, `create_date`, `updater`, `update_date`) VALUES (1739541530869276673, 1727920533577777153, '签到配置', 'signconfig/signconfig', NULL, 0, 'icon-desktop', 0, 1067246875800000001, '2023-12-26 15:03:07', 1067246875800000001, '2024-01-22 15:23:42');
INSERT INTO `sys_menu` (`id`, `pid`, `name`, `url`, `permissions`, `menu_type`, `icon`, `sort`, `creator`, `create_date`, `updater`, `update_date`) VALUES (1739541530915414018, 1739541530869276673, '查看', NULL, 'signconfig:signconfig:page,signconfig:signconfig:info', 1, NULL, 0, 1067246875800000001, '2023-12-26 15:03:07', 1067246875800000001, '2023-12-26 15:03:07');
INSERT INTO `sys_menu` (`id`, `pid`, `name`, `url`, `permissions`, `menu_type`, `icon`, `sort`, `creator`, `create_date`, `updater`, `update_date`) VALUES (1739541530915414019, 1739541530869276673, '新增', NULL, 'signconfig:signconfig:save', 1, NULL, 1, 1067246875800000001, '2023-12-26 15:03:07', 1067246875800000001, '2023-12-26 15:03:07');
INSERT INTO `sys_menu` (`id`, `pid`, `name`, `url`, `permissions`, `menu_type`, `icon`, `sort`, `creator`, `create_date`, `updater`, `update_date`) VALUES (1739541530915414020, 1739541530869276673, '修改', NULL, 'signconfig:signconfig:update', 1, NULL, 2, 1067246875800000001, '2023-12-26 15:03:07', 1067246875800000001, '2023-12-26 15:03:07');
INSERT INTO `sys_menu` (`id`, `pid`, `name`, `url`, `permissions`, `menu_type`, `icon`, `sort`, `creator`, `create_date`, `updater`, `update_date`) VALUES (1739541530915414021, 1739541530869276673, '删除', NULL, 'signconfig:signconfig:delete', 1, NULL, 3, 1067246875800000001, '2023-12-26 15:03:07', 1067246875800000001, '2023-12-26 15:03:07');
INSERT INTO `sys_menu` (`id`, `pid`, `name`, `url`, `permissions`, `menu_type`, `icon`, `sort`, `creator`, `create_date`, `updater`, `update_date`) VALUES (1739541530915414022, 1739541530869276673, '导出', NULL, 'signconfig:signconfig:export', 1, NULL, 4, 1067246875800000001, '2023-12-26 15:03:07', 1067246875800000001, '2023-12-26 15:03:07');
INSERT INTO `sys_menu` (`id`, `pid`, `name`, `url`, `permissions`, `menu_type`, `icon`, `sort`, `creator`, `create_date`, `updater`, `update_date`) VALUES (1746826057237049346, 1727921257845997570, '卡密表', 'Cami/cami', NULL, 0, 'icon-desktop', 0, 1067246875800000001, '2024-01-15 17:27:59', 1067246875800000001, '2024-01-22 15:28:09');
INSERT INTO `sys_menu` (`id`, `pid`, `name`, `url`, `permissions`, `menu_type`, `icon`, `sort`, `creator`, `create_date`, `updater`, `update_date`) VALUES (1746826057237049347, 1746826057237049346, '查看', NULL, 'Cami:cami:page,Cami:cami:info', 1, NULL, 0, 1067246875800000001, '2024-01-15 17:27:59', 1067246875800000001, '2024-01-15 17:27:59');
INSERT INTO `sys_menu` (`id`, `pid`, `name`, `url`, `permissions`, `menu_type`, `icon`, `sort`, `creator`, `create_date`, `updater`, `update_date`) VALUES (1746826057237049348, 1746826057237049346, '新增', NULL, 'Cami:cami:save', 1, NULL, 1, 1067246875800000001, '2024-01-15 17:27:59', 1067246875800000001, '2024-01-15 17:27:59');
INSERT INTO `sys_menu` (`id`, `pid`, `name`, `url`, `permissions`, `menu_type`, `icon`, `sort`, `creator`, `create_date`, `updater`, `update_date`) VALUES (1746826057237049349, 1746826057237049346, '修改', NULL, 'Cami:cami:update', 1, NULL, 2, 1067246875800000001, '2024-01-15 17:27:59', 1067246875800000001, '2024-01-15 17:27:59');
INSERT INTO `sys_menu` (`id`, `pid`, `name`, `url`, `permissions`, `menu_type`, `icon`, `sort`, `creator`, `create_date`, `updater`, `update_date`) VALUES (1746826057237049350, 1746826057237049346, '删除', NULL, 'Cami:cami:delete', 1, NULL, 3, 1067246875800000001, '2024-01-15 17:27:59', 1067246875800000001, '2024-01-15 17:27:59');
INSERT INTO `sys_menu` (`id`, `pid`, `name`, `url`, `permissions`, `menu_type`, `icon`, `sort`, `creator`, `create_date`, `updater`, `update_date`) VALUES (1746826057237049351, 1746826057237049346, '导出', NULL, 'Cami:cami:export', 1, NULL, 4, 1067246875800000001, '2024-01-15 17:27:59', 1067246875800000001, '2024-01-15 17:27:59');
INSERT INTO `sys_menu` (`id`, `pid`, `name`, `url`, `permissions`, `menu_type`, `icon`, `sort`, `creator`, `create_date`, `updater`, `update_date`) VALUES (1747146943630594050, 1727920362823467010, '卡密兑换记录表', 'camiExchange/camiexchange', NULL, 0, 'icon-desktop', 0, 1067246875800000001, '2024-01-16 14:43:03', 1067246875800000001, '2024-01-22 15:28:18');
INSERT INTO `sys_menu` (`id`, `pid`, `name`, `url`, `permissions`, `menu_type`, `icon`, `sort`, `creator`, `create_date`, `updater`, `update_date`) VALUES (1747146943630594051, 1747146943630594050, '查看', NULL, 'camiExchange:camiexchange:page,camiExchange:camiexchange:info', 1, NULL, 0, 1067246875800000001, '2024-01-16 14:43:03', 1067246875800000001, '2024-01-16 14:43:03');
INSERT INTO `sys_menu` (`id`, `pid`, `name`, `url`, `permissions`, `menu_type`, `icon`, `sort`, `creator`, `create_date`, `updater`, `update_date`) VALUES (1747146943630594052, 1747146943630594050, '新增', NULL, 'camiExchange:camiexchange:save', 1, NULL, 1, 1067246875800000001, '2024-01-16 14:43:03', 1067246875800000001, '2024-01-16 14:43:03');
INSERT INTO `sys_menu` (`id`, `pid`, `name`, `url`, `permissions`, `menu_type`, `icon`, `sort`, `creator`, `create_date`, `updater`, `update_date`) VALUES (1747146943630594053, 1747146943630594050, '修改', NULL, 'camiExchange:camiexchange:update', 1, NULL, 2, 1067246875800000001, '2024-01-16 14:43:03', 1067246875800000001, '2024-01-16 14:43:03');
INSERT INTO `sys_menu` (`id`, `pid`, `name`, `url`, `permissions`, `menu_type`, `icon`, `sort`, `creator`, `create_date`, `updater`, `update_date`) VALUES (1747146943630594054, 1747146943630594050, '删除', NULL, 'camiExchange:camiexchange:delete', 1, NULL, 3, 1067246875800000001, '2024-01-16 14:43:03', 1067246875800000001, '2024-01-16 14:43:03');
INSERT INTO `sys_menu` (`id`, `pid`, `name`, `url`, `permissions`, `menu_type`, `icon`, `sort`, `creator`, `create_date`, `updater`, `update_date`) VALUES (1747146943630594055, 1747146943630594050, '导出', NULL, 'camiExchange:camiexchange:export', 1, NULL, 4, 1067246875800000001, '2024-01-16 14:43:03', 1067246875800000001, '2024-01-16 14:43:03');
INSERT INTO `sys_menu` (`id`, `pid`, `name`, `url`, `permissions`, `menu_type`, `icon`, `sort`, `creator`, `create_date`, `updater`, `update_date`) VALUES (1747876250858442753, 1727920533577777153, '客服联系方式表', 'customer/customer', NULL, 0, 'icon-desktop', 0, 1067246875800000001, '2024-01-18 15:02:03', 1067246875800000001, '2024-01-22 15:28:50');
INSERT INTO `sys_menu` (`id`, `pid`, `name`, `url`, `permissions`, `menu_type`, `icon`, `sort`, `creator`, `create_date`, `updater`, `update_date`) VALUES (1747876250858442754, 1747876250858442753, '查看', NULL, 'customer:customer:page,customer:customer:info', 1, NULL, 0, 1067246875800000001, '2024-01-18 15:02:03', 1067246875800000001, '2024-01-18 15:02:03');
INSERT INTO `sys_menu` (`id`, `pid`, `name`, `url`, `permissions`, `menu_type`, `icon`, `sort`, `creator`, `create_date`, `updater`, `update_date`) VALUES (1747876250858442755, 1747876250858442753, '新增', NULL, 'customer:customer:save', 1, NULL, 1, 1067246875800000001, '2024-01-18 15:02:03', 1067246875800000001, '2024-01-18 15:02:03');
INSERT INTO `sys_menu` (`id`, `pid`, `name`, `url`, `permissions`, `menu_type`, `icon`, `sort`, `creator`, `create_date`, `updater`, `update_date`) VALUES (1747876250858442756, 1747876250858442753, '修改', NULL, 'customer:customer:update', 1, NULL, 2, 1067246875800000001, '2024-01-18 15:02:03', 1067246875800000001, '2024-01-18 15:02:03');
INSERT INTO `sys_menu` (`id`, `pid`, `name`, `url`, `permissions`, `menu_type`, `icon`, `sort`, `creator`, `create_date`, `updater`, `update_date`) VALUES (1747876250858442757, 1747876250858442753, '删除', NULL, 'customer:customer:delete', 1, NULL, 3, 1067246875800000001, '2024-01-18 15:02:03', 1067246875800000001, '2024-01-18 15:02:03');
INSERT INTO `sys_menu` (`id`, `pid`, `name`, `url`, `permissions`, `menu_type`, `icon`, `sort`, `creator`, `create_date`, `updater`, `update_date`) VALUES (1747876250858442758, 1747876250858442753, '导出', NULL, 'customer:customer:export', 1, NULL, 4, 1067246875800000001, '2024-01-18 15:02:03', 1067246875800000001, '2024-01-18 15:02:03');
INSERT INTO `sys_menu` (`id`, `pid`, `name`, `url`, `permissions`, `menu_type`, `icon`, `sort`, `creator`, `create_date`, `updater`, `update_date`) VALUES (1749331635515449345, 0, '圈子相关', '', '', 0, 'icon-earth', 0, 1067246875800000001, '2024-01-22 15:22:18', 1067246875800000001, '2024-01-22 15:22:18');
INSERT INTO `sys_menu` (`id`, `pid`, `name`, `url`, `permissions`, `menu_type`, `icon`, `sort`, `creator`, `create_date`, `updater`, `update_date`) VALUES (1749332382802010113, 0, '帖子相关', '', '', 0, 'icon-Pound', 0, 1067246875800000001, '2024-01-22 15:25:16', 1067246875800000001, '2024-01-22 15:25:16');
COMMIT;

-- ----------------------------
-- Table structure for sys_oss
-- ----------------------------
DROP TABLE IF EXISTS `sys_oss`;
CREATE TABLE `sys_oss` (
  `id` bigint NOT NULL COMMENT 'id',
  `url` varchar(200) DEFAULT NULL COMMENT 'URL地址',
  `creator` bigint DEFAULT NULL COMMENT '创建者',
  `create_date` datetime DEFAULT NULL COMMENT '创建时间',
  PRIMARY KEY (`id`),
  KEY `idx_create_date` (`create_date`)
) ENGINE=InnoDB DEFAULT CHARSET=utf8mb4 COLLATE=utf8mb4_0900_ai_ci COMMENT='文件上传';

-- ----------------------------
-- Records of sys_oss
-- ----------------------------
BEGIN;
INSERT INTO `sys_oss` (`id`, `url`, `creator`, `create_date`) VALUES (1722847143529480193, 'https://dazhi-chatting.oss-cn-chengdu.aliyuncs.com/20231110/2fcc06b522774bf8a53282454e407642.png', 1067246875800000001, '2023-11-10 13:22:23');
INSERT INTO `sys_oss` (`id`, `url`, `creator`, `create_date`) VALUES (1722887837367996417, 'https://dazhi-chatting.oss-cn-chengdu.aliyuncs.com/20231110/e0c8588d22a546f18ad91fdfc4f9053e.jpg', 1067246875800000001, '2023-11-10 16:04:05');
INSERT INTO `sys_oss` (`id`, `url`, `creator`, `create_date`) VALUES (1723178318292865025, 'https://dazhi-chatting.oss-cn-chengdu.aliyuncs.com/20231111/8a1fd8de8c1a47d38f77ac1ea69678a6.png', 1067246875800000001, '2023-11-11 11:18:21');
INSERT INTO `sys_oss` (`id`, `url`, `creator`, `create_date`) VALUES (1724964417084358658, 'https://dazhi-chatting.oss-cn-chengdu.aliyuncs.com/20231116/e8c46edd1b9749939356a831e732dc97.png', 1067246875800000001, '2023-11-16 09:35:40');
INSERT INTO `sys_oss` (`id`, `url`, `creator`, `create_date`) VALUES (1724964540841492481, 'https://dazhi-chatting.oss-cn-chengdu.aliyuncs.com/20231116/3c0ca52cefee4778bf0e598c702f2c82.jpg', 1067246875800000001, '2023-11-16 09:36:09');
INSERT INTO `sys_oss` (`id`, `url`, `creator`, `create_date`) VALUES (1724964675893886978, 'https://dazhi-chatting.oss-cn-chengdu.aliyuncs.com/20231116/9c0843953541482ab94150d7fae8fa43.jpg', 1067246875800000001, '2023-11-16 09:36:42');
INSERT INTO `sys_oss` (`id`, `url`, `creator`, `create_date`) VALUES (1727861016898830337, 'https://dazhi-chatting.oss-cn-chengdu.aliyuncs.com/20231124/2e31af86bba7479f99ec13586311a715.png', 1067246875800000001, '2023-11-24 09:25:43');
INSERT INTO `sys_oss` (`id`, `url`, `creator`, `create_date`) VALUES (1727861041645223937, 'https://dazhi-chatting.oss-cn-chengdu.aliyuncs.com/20231124/109c430761a5425f98bbe3f4eeeee91b.jpg', 1067246875800000001, '2023-11-24 09:25:49');
INSERT INTO `sys_oss` (`id`, `url`, `creator`, `create_date`) VALUES (1727864050928324609, 'https://dazhi-chatting.oss-cn-chengdu.aliyuncs.com/20231124/2a4844322dfc4a89be607a2fb8239d4f.mp4', 1067246875800000001, '2023-11-24 09:37:47');
INSERT INTO `sys_oss` (`id`, `url`, `creator`, `create_date`) VALUES (1727864887050244098, 'https://dazhi-chatting.oss-cn-chengdu.aliyuncs.com/20231124/2361477bb13f45ed86c17f8c3d2935cd.mp4', 1067246875800000001, '2023-11-24 09:41:06');
INSERT INTO `sys_oss` (`id`, `url`, `creator`, `create_date`) VALUES (1727865130940633090, 'https://dazhi-chatting.oss-cn-chengdu.aliyuncs.com/20231124/27ad992f2c494ae181dc215b5e7fd374.jpg', 1067246875800000001, '2023-11-24 09:42:04');
INSERT INTO `sys_oss` (`id`, `url`, `creator`, `create_date`) VALUES (1727866445970227202, 'https://dazhi-chatting.oss-cn-chengdu.aliyuncs.com/20231124/985c9208e1064f4ba7e5129d168f0605.mp4', 1067246875800000001, '2023-11-24 09:47:18');
INSERT INTO `sys_oss` (`id`, `url`, `creator`, `create_date`) VALUES (1727866693782290434, 'https://dazhi-chatting.oss-cn-chengdu.aliyuncs.com/20231124/4bbad644acfe423b9afeb5947d496ff6.mp4', 1067246875800000001, '2023-11-24 09:48:17');
INSERT INTO `sys_oss` (`id`, `url`, `creator`, `create_date`) VALUES (1727866977740865538, 'https://dazhi-chatting.oss-cn-chengdu.aliyuncs.com/20231124/7425b535cbf94256af80e5fa9df247ba.mp4', 1067246875800000001, '2023-11-24 09:49:24');
INSERT INTO `sys_oss` (`id`, `url`, `creator`, `create_date`) VALUES (1727871556375384065, 'https://dazhi-chatting.oss-cn-chengdu.aliyuncs.com/20231124/431f37555d484de097f4ecb1e292e9cc.jpg', 1067246875800000001, '2023-11-24 10:07:36');
INSERT INTO `sys_oss` (`id`, `url`, `creator`, `create_date`) VALUES (1727871735732211714, 'https://dazhi-chatting.oss-cn-chengdu.aliyuncs.com/20231124/a4d169f016aa4a02a69f295b1cb3208b.jpg', 1067246875800000001, '2023-11-24 10:08:19');
INSERT INTO `sys_oss` (`id`, `url`, `creator`, `create_date`) VALUES (1727874450617098241, 'https://dazhi-chatting.oss-cn-chengdu.aliyuncs.com/20231124/990f0e7263004c8ea64692de655d60aa.jpg', 1067246875800000001, '2023-11-24 10:19:06');
INSERT INTO `sys_oss` (`id`, `url`, `creator`, `create_date`) VALUES (1727958512828497922, 'https://dazhi-chatting.oss-cn-chengdu.aliyuncs.com/20231124/af54d4121ccd4598a3388577359a55bd.jpg', 1067246875800000001, '2023-11-24 15:53:08');
INSERT INTO `sys_oss` (`id`, `url`, `creator`, `create_date`) VALUES (1727959859564986370, 'https://dazhi-chatting.oss-cn-chengdu.aliyuncs.com/20231124/5fd2f1df774e4be1804b4293dcb88b26.jpg', 1067246875800000001, '2023-11-24 15:58:29');
INSERT INTO `sys_oss` (`id`, `url`, `creator`, `create_date`) VALUES (1737389660132995073, 'https://movies-momoyu.oss-cn-chengdu.aliyuncs.com/20231220/84d7f0136cfb4ce8ae823004e6cdbb31.png', 1067246875800000001, '2023-12-20 16:29:09');
INSERT INTO `sys_oss` (`id`, `url`, `creator`, `create_date`) VALUES (1747851265758527489, 'https://movies-momoyu.oss-cn-chengdu.aliyuncs.com/20240118/eff62e5198774651baa319f0f87af540.png', 1067246875800000001, '2024-01-18 13:19:50');
INSERT INTO `sys_oss` (`id`, `url`, `creator`, `create_date`) VALUES (1747894517684064257, 'https://movies-momoyu.oss-cn-chengdu.aliyuncs.com/20240118/7737370d7de543658c6ed87ead2ac994.jpg', 1067246875800000001, '2024-01-18 16:11:42');
INSERT INTO `sys_oss` (`id`, `url`, `creator`, `create_date`) VALUES (1747895026583162881, 'https://movies-momoyu.oss-cn-chengdu.aliyuncs.com/20240118/340f150c1c2a4d4ab9f1bc24f13b82ff.jpg', 1067246875800000001, '2024-01-18 16:13:43');
INSERT INTO `sys_oss` (`id`, `url`, `creator`, `create_date`) VALUES (1747922719720083457, 'https://movies-momoyu.oss-cn-chengdu.aliyuncs.com/20240118/67db79c15da94fab92c2c313cc107dd5.png', 1067246875800000001, '2024-01-18 18:03:46');
INSERT INTO `sys_oss` (`id`, `url`, `creator`, `create_date`) VALUES (1748162458107301890, 'https://movies-momoyu.oss-cn-chengdu.aliyuncs.com/20240119/0423b7017f154497b92910b77e71bb2f.jpg', 1067246875800000001, '2024-01-19 09:56:24');
INSERT INTO `sys_oss` (`id`, `url`, `creator`, `create_date`) VALUES (1748162663858884610, 'https://movies-momoyu.oss-cn-chengdu.aliyuncs.com/20240119/4898b86ea4f8495b95ea1fac3e42d513.jpg', 1067246875800000001, '2024-01-19 09:57:13');
INSERT INTO `sys_oss` (`id`, `url`, `creator`, `create_date`) VALUES (1748163690037301250, 'https://movies-momoyu.oss-cn-chengdu.aliyuncs.com/20240119/c49535faeb9447a2a9c70cc8cbb923f5.jpg', 1067246875800000001, '2024-01-19 10:01:18');
COMMIT;

-- ----------------------------
-- Table structure for sys_params
-- ----------------------------
DROP TABLE IF EXISTS `sys_params`;
CREATE TABLE `sys_params` (
  `id` bigint NOT NULL COMMENT 'id',
  `param_code` varchar(32) DEFAULT NULL COMMENT '参数编码',
  `param_value` varchar(2000) DEFAULT NULL COMMENT '参数值',
  `param_type` tinyint unsigned DEFAULT '1' COMMENT '类型   0：系统参数   1：非系统参数',
  `remark` varchar(200) DEFAULT NULL COMMENT '备注',
  `creator` bigint DEFAULT NULL COMMENT '创建者',
  `create_date` datetime DEFAULT NULL COMMENT '创建时间',
  `updater` bigint DEFAULT NULL COMMENT '更新者',
  `update_date` datetime DEFAULT NULL COMMENT '更新时间',
  PRIMARY KEY (`id`),
  UNIQUE KEY `uk_param_code` (`param_code`),
  KEY `idx_create_date` (`create_date`)
) ENGINE=InnoDB DEFAULT CHARSET=utf8mb4 COLLATE=utf8mb4_0900_ai_ci COMMENT='参数管理';

-- ----------------------------
-- Records of sys_params
-- ----------------------------
BEGIN;
INSERT INTO `sys_params` (`id`, `param_code`, `param_value`, `param_type`, `remark`, `creator`, `create_date`, `updater`, `update_date`) VALUES (1067246875800000073, 'CLOUD_STORAGE_CONFIG_KEY', '{\"type\":2,\"qiniuDomain\":\"\",\"qiniuPrefix\":\"\",\"qiniuAccessKey\":\"\",\"qiniuSecretKey\":\"\",\"qiniuBucketName\":\"\",\"aliyunDomain\":\"https://movies-momoyu.oss-cn-chengdu.aliyuncs.com\",\"aliyunPrefix\":\"\",\"aliyunEndPoint\":\"oss-cn-chengdu.aliyuncs.com\",\"aliyunAccessKeyId\":\"LTAI5tJCP14jfkQXH8TUSNyn\",\"aliyunAccessKeySecret\":\"Pk8PsIoV3Yz6m0APmCSv8KMUdmQqmL\",\"aliyunBucketName\":\"movies-momoyu\",\"qcloudDomain\":\"\",\"qcloudPrefix\":\"\",\"qcloudAppId\":0,\"qcloudSecretId\":\"\",\"qcloudSecretKey\":\"\",\"qcloudBucketName\":\"\",\"qcloudRegion\":\"\"}', 0, '云存储配置信息', 1067246875800000001, '2023-11-10 12:44:46', 1067246875800000001, '2023-11-10 12:44:46');
INSERT INTO `sys_params` (`id`, `param_code`, `param_value`, `param_type`, `remark`, `creator`, `create_date`, `updater`, `update_date`) VALUES (1723207453996343298, 'mp_appid', 'wx8b9f0b52af2c413b', 1, '小程序ID', 1067246875800000001, '2023-11-11 13:14:07', 1067246875800000001, '2024-01-09 16:37:41');
INSERT INTO `sys_params` (`id`, `param_code`, `param_value`, `param_type`, `remark`, `creator`, `create_date`, `updater`, `update_date`) VALUES (1723207544048050178, 'mp_secret', '443ea9f9ea24e3b0bee3104d01f0968e', 1, '小程序秘钥', 1067246875800000001, '2023-11-11 13:14:29', 1067246875800000001, '2024-01-09 16:37:58');
INSERT INTO `sys_params` (`id`, `param_code`, `param_value`, `param_type`, `remark`, `creator`, `create_date`, `updater`, `update_date`) VALUES (1723207591540154370, 'USER_HEAD_URL', 'https://dazhi-chatting.oss-cn-chengdu.aliyuncs.com/20231110/a36ba97c38404eb2a337daa45f0f13da.jpg', 1, '默认用户头像', 1067246875800000001, '2023-11-11 13:14:40', 1067246875800000001, '2023-11-11 13:38:10');
INSERT INTO `sys_params` (`id`, `param_code`, `param_value`, `param_type`, `remark`, `creator`, `create_date`, `updater`, `update_date`) VALUES (1724004063565639681, 'RECHARGE_RATIO', '10', 1, '自定义充值一元换算多少金币', 1067246875800000001, '2023-11-13 17:59:34', 1067246875800000001, '2023-11-13 17:59:54');
INSERT INTO `sys_params` (`id`, `param_code`, `param_value`, `param_type`, `remark`, `creator`, `create_date`, `updater`, `update_date`) VALUES (1724004063565639682, 'WITHDRAWAL_RATIO', '10', 1, '充值/提现一元等于多少金币', 1067246875800000001, '2023-11-13 17:59:34', 1067246875800000001, '2023-11-13 17:59:54');
INSERT INTO `sys_params` (`id`, `param_code`, `param_value`, `param_type`, `remark`, `creator`, `create_date`, `updater`, `update_date`) VALUES (1724004063565639683, 'LOW_WITHDRAWAL', '100', 1, '单次提现最低提现金额(金币数量)', 1067246875800000001, '2023-11-13 17:59:34', 1067246875800000001, '2023-11-13 17:59:54');
INSERT INTO `sys_params` (`id`, `param_code`, `param_value`, `param_type`, `remark`, `creator`, `create_date`, `updater`, `update_date`) VALUES (1724004544341929985, 'ONE_REBATE_RATIO', '10', 1, '充值一级返利比例', 1067246875800000001, '2023-11-13 18:01:28', 1067246875800000001, '2023-11-13 18:03:05');
INSERT INTO `sys_params` (`id`, `param_code`, `param_value`, `param_type`, `remark`, `creator`, `create_date`, `updater`, `update_date`) VALUES (1724004891257008129, 'TWO_REBATE_RATIO', '5', 1, '充值二级返利比例', 1067246875800000001, '2023-11-13 18:02:51', 1067246875800000001, '2023-11-13 18:02:51');
INSERT INTO `sys_params` (`id`, `param_code`, `param_value`, `param_type`, `remark`, `creator`, `create_date`, `updater`, `update_date`) VALUES (1726516415436959731, 'CODETYPE', '2', 1, '发送验证码方式(0短信1邮箱2全部)', 1067246875800000001, '2023-11-28 11:31:20', 1067246875800000001, '2023-11-28 11:31:41');
INSERT INTO `sys_params` (`id`, `param_code`, `param_value`, `param_type`, `remark`, `creator`, `create_date`, `updater`, `update_date`) VALUES (1729388675365703682, 'SMS_CONFIG_KEY', '{\"type\":1,\"aliyunAccessKeyId\":\"LTAI4GF5tbuEBiFSGNjC5Gxo\",\"aliyunAccessKeySecret\":\"fg14QYS8uW3zqE3W6apzQLI7ytW9in\",\"aliyunSignature\":\"卿缘科技\",\"aliyunTemplateId\":\"SMS_205458332\",\"aliyunTemplateName\":\"code\",\"tencentAccessKeyId\":\"AKIDpDXikow0ynPny65yoSs52ysgJhLxVzLV\",\"tencentAccessKeySecret\":\"OmfLpAQn2B6mFXiiWL2XvBIVbjsYE2hT\",\"tencentSignature\":\"摸摸鱼传媒\",\"tencentTemplateId\":\"1883783\",\"tencentAppId\":\"1400843650\",\"tencentAppKey\":\"2ea15c00501c23828357c9e0c7303eb5\"}', 0, '短信配置类', 1067246875800000001, '2023-11-28 14:36:05', 1067246875800000001, '2023-11-28 14:36:05');
INSERT INTO `sys_params` (`id`, `param_code`, `param_value`, `param_type`, `remark`, `creator`, `create_date`, `updater`, `update_date`) VALUES (1729417557905088513, 'EMAIL_CONFIG_KEY', '{\"smtpServer\":\"smtp.qq.com\",\"emailPort\":\"465\",\"userName\":\"1421290931@qq.com\",\"passWord\":\"sbftoqysxfmpgaab\"}', 0, '邮箱配置类', 1067246875800000001, '2023-11-28 16:30:51', 1067246875800000001, '2023-11-28 16:30:51');
INSERT INTO `sys_params` (`id`, `param_code`, `param_value`, `param_type`, `remark`, `creator`, `create_date`, `updater`, `update_date`) VALUES (1729417557905088514, 'POSTER_IMG_URL', 'https://movies-momoyu.oss-cn-chengdu.aliyuncs.com/20231220/84d7f0136cfb4ce8ae823004e6cdbb31.png', 1, '邀请海报图片链接', 1067246875800000001, '2023-11-28 16:30:51', 1067246875800000001, '2023-11-28 16:30:51');
INSERT INTO `sys_params` (`id`, `param_code`, `param_value`, `param_type`, `remark`, `creator`, `create_date`, `updater`, `update_date`) VALUES (1738050615220547586, 'PAY_POST_RATIO', '10', 1, '用户注册时候付费贴默认分成比例', 1067246875800000001, '2023-12-22 12:15:33', 1067246875800000001, '2023-12-22 12:15:33');
INSERT INTO `sys_params` (`id`, `param_code`, `param_value`, `param_type`, `remark`, `creator`, `create_date`, `updater`, `update_date`) VALUES (1738050823463546882, 'TX_RATIO', '10', 1, '提现比例', 1067246875800000001, '2023-12-22 12:16:22', 1067246875800000001, '2023-12-22 12:16:22');
INSERT INTO `sys_params` (`id`, `param_code`, `param_value`, `param_type`, `remark`, `creator`, `create_date`, `updater`, `update_date`) VALUES (1739150346608857089, 'MSG_TOKEN', 'dsae2332dsa1232cdsa', 1, '调用IM接口时候的token', 1067246875800000001, '2023-12-25 13:05:29', 1067246875800000001, '2023-12-25 13:05:29');
INSERT INTO `sys_params` (`id`, `param_code`, `param_value`, `param_type`, `remark`, `creator`, `create_date`, `updater`, `update_date`) VALUES (1739538243619049473, 'SIGN_EXP', '5', 1, '签到奖励经验值', 1067246875800000001, '2023-12-26 14:46:51', 1067246875800000001, '2023-12-26 14:46:51');
INSERT INTO `sys_params` (`id`, `param_code`, `param_value`, `param_type`, `remark`, `creator`, `create_date`, `updater`, `update_date`) VALUES (1739538560905564162, 'EXP_LEVEL', '100', 1, '经验值和等级比,每个等级升级经验值=等级*这个值', 1067246875800000001, '2023-12-26 14:48:07', 1067246875800000001, '2023-12-26 14:48:07');
INSERT INTO `sys_params` (`id`, `param_code`, `param_value`, `param_type`, `remark`, `creator`, `create_date`, `updater`, `update_date`) VALUES (1739538751423434754, 'POST_EXP', '5', 1, '每日发布的第一个帖子增加的经验值', 1067246875800000001, '2023-12-26 14:48:52', 1067246875800000001, '2023-12-26 14:48:52');
INSERT INTO `sys_params` (`id`, `param_code`, `param_value`, `param_type`, `remark`, `creator`, `create_date`, `updater`, `update_date`) VALUES (1739538916033089538, 'COMMOM_EXP', '5', 1, '每日首次评论加的经验值', 1067246875800000001, '2023-12-26 14:49:31', 1067246875800000001, '2023-12-26 14:49:31');
INSERT INTO `sys_params` (`id`, `param_code`, `param_value`, `param_type`, `remark`, `creator`, `create_date`, `updater`, `update_date`) VALUES (1743109816559095810, 'VIP_CREATE_CIRCLE_SUM', '8', 1, 'vip可以创建圈子的数量', 1067246875800000001, '2024-01-05 11:19:00', 1067246875800000001, '2024-01-05 11:19:00');
INSERT INTO `sys_params` (`id`, `param_code`, `param_value`, `param_type`, `remark`, `creator`, `create_date`, `updater`, `update_date`) VALUES (1743109898763259906, 'USER_CREATE_CIRCLE_SUM', '3', 1, '普通用户可以创建圈子的数量', 1067246875800000001, '2024-01-05 11:19:20', 1067246875800000001, '2024-01-05 11:19:20');
INSERT INTO `sys_params` (`id`, `param_code`, `param_value`, `param_type`, `remark`, `creator`, `create_date`, `updater`, `update_date`) VALUES (1744656445778984961, 'gzh_appid', 'wxfc416f6ef3fb9685', 1, '公众号APPID', 1067246875800000001, '2024-01-09 17:44:45', 1067246875800000001, '2024-01-09 17:44:45');
INSERT INTO `sys_params` (`id`, `param_code`, `param_value`, `param_type`, `remark`, `creator`, `create_date`, `updater`, `update_date`) VALUES (1744656524879364098, 'gzh_secret', 'b26fb9805e37b8f297018493cc584100', 1, '公众号秘钥', 1067246875800000001, '2024-01-09 17:45:04', 1067246875800000001, '2024-01-09 17:45:04');
INSERT INTO `sys_params` (`id`, `param_code`, `param_value`, `param_type`, `remark`, `creator`, `create_date`, `updater`, `update_date`) VALUES (1747091855280988162, 'reward_money', '1,3,6,8,10', 1, '打赏金额,以英文,隔开', 1067246875800000001, '2024-01-16 11:02:12', 1067246875800000001, '2024-01-16 11:02:12');
INSERT INTO `sys_params` (`id`, `param_code`, `param_value`, `param_type`, `remark`, `creator`, `create_date`, `updater`, `update_date`) VALUES (1749274807687512065, 'wx_app_appid', 'wx7396a48e64540971', 1, '微信开放平台 APP应用的APPID', 1067246875800000001, '2024-01-22 11:36:29', 1067246875800000001, '2024-01-22 11:36:29');
INSERT INTO `sys_params` (`id`, `param_code`, `param_value`, `param_type`, `remark`, `creator`, `create_date`, `updater`, `update_date`) VALUES (1749274870815981570, 'wx_app_secret', '16a69e7c9093858503b7616d0d7e35ba', 1, '微信开放平台 APP应用的秘钥', 1067246875800000001, '2024-01-22 11:36:44', 1067246875800000001, '2024-01-22 11:36:44');
COMMIT;

-- ----------------------------
-- Table structure for sys_role
-- ----------------------------
DROP TABLE IF EXISTS `sys_role`;
CREATE TABLE `sys_role` (
  `id` bigint NOT NULL COMMENT 'id',
  `name` varchar(50) DEFAULT NULL COMMENT '角色名称',
  `remark` varchar(100) DEFAULT NULL COMMENT '备注',
  `dept_id` bigint DEFAULT NULL COMMENT '部门ID',
  `creator` bigint DEFAULT NULL COMMENT '创建者',
  `create_date` datetime DEFAULT NULL COMMENT '创建时间',
  `updater` bigint DEFAULT NULL COMMENT '更新者',
  `update_date` datetime DEFAULT NULL COMMENT '更新时间',
  PRIMARY KEY (`id`),
  KEY `idx_dept_id` (`dept_id`)
) ENGINE=InnoDB DEFAULT CHARSET=utf8mb4 COLLATE=utf8mb4_0900_ai_ci COMMENT='角色管理';

-- ----------------------------
-- Records of sys_role
-- ----------------------------
BEGIN;
COMMIT;

-- ----------------------------
-- Table structure for sys_role_data_scope
-- ----------------------------
DROP TABLE IF EXISTS `sys_role_data_scope`;
CREATE TABLE `sys_role_data_scope` (
  `id` bigint NOT NULL COMMENT 'id',
  `role_id` bigint DEFAULT NULL COMMENT '角色ID',
  `dept_id` bigint DEFAULT NULL COMMENT '部门ID',
  `creator` bigint DEFAULT NULL COMMENT '创建者',
  `create_date` datetime DEFAULT NULL COMMENT '创建时间',
  PRIMARY KEY (`id`),
  KEY `idx_role_id` (`role_id`)
) ENGINE=InnoDB DEFAULT CHARSET=utf8mb4 COLLATE=utf8mb4_0900_ai_ci COMMENT='角色数据权限';

-- ----------------------------
-- Records of sys_role_data_scope
-- ----------------------------
BEGIN;
COMMIT;

-- ----------------------------
-- Table structure for sys_role_menu
-- ----------------------------
DROP TABLE IF EXISTS `sys_role_menu`;
CREATE TABLE `sys_role_menu` (
  `id` bigint NOT NULL COMMENT 'id',
  `role_id` bigint DEFAULT NULL COMMENT '角色ID',
  `menu_id` bigint DEFAULT NULL COMMENT '菜单ID',
  `creator` bigint DEFAULT NULL COMMENT '创建者',
  `create_date` datetime DEFAULT NULL COMMENT '创建时间',
  PRIMARY KEY (`id`),
  KEY `idx_role_id` (`role_id`),
  KEY `idx_menu_id` (`menu_id`)
) ENGINE=InnoDB DEFAULT CHARSET=utf8mb4 COLLATE=utf8mb4_0900_ai_ci COMMENT='角色菜单关系';

-- ----------------------------
-- Records of sys_role_menu
-- ----------------------------
BEGIN;
COMMIT;

-- ----------------------------
-- Table structure for sys_role_user
-- ----------------------------
DROP TABLE IF EXISTS `sys_role_user`;
CREATE TABLE `sys_role_user` (
  `id` bigint NOT NULL COMMENT 'id',
  `role_id` bigint DEFAULT NULL COMMENT '角色ID',
  `user_id` bigint DEFAULT NULL COMMENT '用户ID',
  `creator` bigint DEFAULT NULL COMMENT '创建者',
  `create_date` datetime DEFAULT NULL COMMENT '创建时间',
  PRIMARY KEY (`id`),
  KEY `idx_role_id` (`role_id`),
  KEY `idx_user_id` (`user_id`)
) ENGINE=InnoDB DEFAULT CHARSET=utf8mb4 COLLATE=utf8mb4_0900_ai_ci COMMENT='角色用户关系';

-- ----------------------------
-- Records of sys_role_user
-- ----------------------------
BEGIN;
COMMIT;

-- ----------------------------
-- Table structure for sys_user
-- ----------------------------
DROP TABLE IF EXISTS `sys_user`;
CREATE TABLE `sys_user` (
  `id` bigint NOT NULL COMMENT 'id',
  `username` varchar(50) NOT NULL COMMENT '用户名',
  `password` varchar(100) DEFAULT NULL COMMENT '密码',
  `real_name` varchar(50) DEFAULT NULL COMMENT '姓名',
  `head_url` varchar(200) DEFAULT NULL COMMENT '头像',
  `gender` tinyint unsigned DEFAULT NULL COMMENT '性别   0：男   1：女    2：保密',
  `email` varchar(100) DEFAULT NULL COMMENT '邮箱',
  `mobile` varchar(100) DEFAULT NULL COMMENT '手机号',
  `dept_id` bigint DEFAULT NULL COMMENT '部门ID',
  `super_admin` tinyint unsigned DEFAULT NULL COMMENT '超级管理员   0：否   1：是',
  `status` tinyint DEFAULT NULL COMMENT '状态  0：停用   1：正常',
  `creator` bigint DEFAULT NULL COMMENT '创建者',
  `create_date` datetime DEFAULT NULL COMMENT '创建时间',
  `updater` bigint DEFAULT NULL COMMENT '更新者',
  `update_date` datetime DEFAULT NULL COMMENT '更新时间',
  PRIMARY KEY (`id`),
  UNIQUE KEY `uk_username` (`username`),
  KEY `idx_create_date` (`create_date`)
) ENGINE=InnoDB DEFAULT CHARSET=utf8mb4 COLLATE=utf8mb4_0900_ai_ci COMMENT='系统用户';

-- ----------------------------
-- Records of sys_user
-- ----------------------------
BEGIN;
INSERT INTO `sys_user` (`id`, `username`, `password`, `real_name`, `head_url`, `gender`, `email`, `mobile`, `dept_id`, `super_admin`, `status`, `creator`, `create_date`, `updater`, `update_date`) VALUES (1067246875800000001, 'admin', '$2a$10$012Kx2ba5jzqr9gLlG4MX.bnQJTD9UWqF57XDo2N3.fPtLne02u/m', '管理员', NULL, 0, 'root@renren.io', '13612345678', NULL, 1, 1, 1067246875800000001, '2023-11-10 12:44:46', 1067246875800000001, '2023-11-10 12:44:46');
COMMIT;

-- ----------------------------
-- Table structure for sys_user_token
-- ----------------------------
DROP TABLE IF EXISTS `sys_user_token`;
CREATE TABLE `sys_user_token` (
  `id` bigint NOT NULL COMMENT 'id',
  `user_id` bigint NOT NULL COMMENT '用户id',
  `token` varchar(100) NOT NULL COMMENT '用户token',
  `expire_date` datetime DEFAULT NULL COMMENT '过期时间',
  `update_date` datetime DEFAULT NULL COMMENT '更新时间',
  `create_date` datetime DEFAULT NULL COMMENT '创建时间',
  PRIMARY KEY (`id`),
  UNIQUE KEY `user_id` (`user_id`),
  UNIQUE KEY `token` (`token`)
) ENGINE=InnoDB DEFAULT CHARSET=utf8mb4 COLLATE=utf8mb4_0900_ai_ci COMMENT='系统用户Token';

-- ----------------------------
-- Records of sys_user_token
-- ----------------------------
BEGIN;
INSERT INTO `sys_user_token` (`id`, `user_id`, `token`, `expire_date`, `update_date`, `create_date`) VALUES (1722841759760818177, 1067246875800000001, '0d077c4b710753814145a6237c089e07', '2024-01-27 05:34:16', '2024-01-26 17:34:16', '2023-11-10 13:00:59');
COMMIT;

-- ----------------------------
-- Table structure for tb_app_config
-- ----------------------------
DROP TABLE IF EXISTS `tb_app_config`;
CREATE TABLE `tb_app_config` (
  `id` bigint NOT NULL AUTO_INCREMENT,
  `app_tui` varchar(255) CHARACTER SET utf8mb4 COLLATE utf8mb4_general_ci DEFAULT NULL COMMENT 'APP推广URL',
  `show_popup` int DEFAULT NULL COMMENT '是否显示公告 0不显示 1显示',
  `popup_content` varchar(255) CHARACTER SET utf8mb4 COLLATE utf8mb4_general_ci DEFAULT NULL COMMENT '公告显示内容',
  `show_ad` int DEFAULT NULL COMMENT '是否显示开屏广告 0不显示 1显示',
  `ad_url` varchar(255) CHARACTER SET utf8mb4 COLLATE utf8mb4_general_ci DEFAULT NULL COMMENT '开屏广告跳转的url',
  `ad_img` varchar(255) CHARACTER SET utf8mb4 COLLATE utf8mb4_general_ci DEFAULT NULL COMMENT '开屏广告的图片',
  `app_android_url` varchar(255) CHARACTER SET utf8mb4 COLLATE utf8mb4_general_ci DEFAULT NULL COMMENT '安卓下载地址',
  `app_ios_url` varchar(255) CHARACTER SET utf8mb4 COLLATE utf8mb4_general_ci DEFAULT NULL COMMENT 'IOS下载地址',
  `arguments` varchar(255) CHARACTER SET utf8mb4 COLLATE utf8mb4_general_ci DEFAULT NULL COMMENT 'arguments',
  `app_logo` varchar(255) CHARACTER SET utf8mb4 COLLATE utf8mb4_general_ci DEFAULT NULL COMMENT '微信小程序分享LOGO',
  `share_title` varchar(255) CHARACTER SET utf8mb4 COLLATE utf8mb4_general_ci DEFAULT NULL COMMENT '分享标题',
  PRIMARY KEY (`id`)
) ENGINE=InnoDB AUTO_INCREMENT=1722844649424355330 DEFAULT CHARSET=utf8mb4 COLLATE=utf8mb4_general_ci COMMENT='APP设置';

-- ----------------------------
-- Records of tb_app_config
-- ----------------------------
BEGIN;
INSERT INTO `tb_app_config` (`id`, `app_tui`, `show_popup`, `popup_content`, `show_ad`, `ad_url`, `ad_img`, `app_android_url`, `app_ios_url`, `arguments`, `app_logo`, `share_title`) VALUES (1722844649424355329, 'http://h5.suibianba.cn', 1, '测试公告', 1, 'https://www.baidu.com/', 'https://movies-momoyu.oss-cn-chengdu.aliyuncs.com/20240118/67db79c15da94fab92c2c313cc107dd5.png', 'http://116.62.58.71:9901/app.apk', NULL, NULL, 'https://movies-momoyu.oss-cn-chengdu.aliyuncs.com/20240118/eff62e5198774651baa319f0f87af540.png', '随便吧圈子');
COMMIT;

-- ----------------------------
-- Table structure for tb_app_update
-- ----------------------------
DROP TABLE IF EXISTS `tb_app_update`;
CREATE TABLE `tb_app_update` (
  `id` bigint NOT NULL COMMENT 'id',
  `version` varchar(255) CHARACTER SET utf8mb4 COLLATE utf8mb4_general_ci DEFAULT NULL COMMENT '版本号',
  `note` varchar(255) CHARACTER SET utf8mb4 COLLATE utf8mb4_general_ci DEFAULT NULL COMMENT '更新内容',
  `download_url` varchar(255) CHARACTER SET utf8mb4 COLLATE utf8mb4_general_ci DEFAULT NULL COMMENT '更新地址',
  `create_time` datetime DEFAULT NULL COMMENT '添加时间',
  `os` varchar(255) CHARACTER SET utf8mb4 COLLATE utf8mb4_general_ci DEFAULT NULL COMMENT '平台',
  `forces` int DEFAULT NULL COMMENT '是否强制更新(0不是1是)',
  PRIMARY KEY (`id`)
) ENGINE=InnoDB DEFAULT CHARSET=utf8mb4 COLLATE=utf8mb4_general_ci COMMENT='更新配置';

-- ----------------------------
-- Records of tb_app_update
-- ----------------------------
BEGIN;
INSERT INTO `tb_app_update` (`id`, `version`, `note`, `download_url`, `create_time`, `os`, `forces`) VALUES (1, '1.0.0', '杀了个程序员祭天', 'https://wangwanggpt.oss-cn-beijing.aliyuncs.com/app1.apk', '2023-11-20 17:16:05', 'android', 0);
COMMIT;

-- ----------------------------
-- Table structure for tb_cami
-- ----------------------------
DROP TABLE IF EXISTS `tb_cami`;
CREATE TABLE `tb_cami` (
  `id` bigint NOT NULL AUTO_INCREMENT COMMENT '卡密表主键ID',
  `cami_code` varchar(255) CHARACTER SET utf8mb4 COLLATE utf8mb4_general_ci DEFAULT NULL COMMENT '卡密号',
  `price` decimal(10,2) DEFAULT NULL COMMENT '卡密价格',
  `specification` decimal(10,0) DEFAULT NULL COMMENT '卡密规格(金币为个/VIP为天)',
  `type` int DEFAULT NULL COMMENT '卡密兑换类型(0:VIP  1:金币)',
  `status` int DEFAULT NULL COMMENT '使用状态(0:未使用  1:已使用)',
  `time` datetime DEFAULT NULL COMMENT '生成时间',
  `exchange_time` datetime DEFAULT NULL COMMENT '卡密兑换时间',
  PRIMARY KEY (`id`)
) ENGINE=InnoDB AUTO_INCREMENT=7 DEFAULT CHARSET=utf8mb4 COLLATE=utf8mb4_general_ci COMMENT='卡密表';

-- ----------------------------
-- Records of tb_cami
-- ----------------------------
BEGIN;
INSERT INTO `tb_cami` (`id`, `cami_code`, `price`, `specification`, `type`, `status`, `time`, `exchange_time`) VALUES (1, 'X22563ng595BG3i5bZ9m', 1.00, 2, 0, 1, '2024-01-15 17:56:09', '2024-01-16 14:33:14');
INSERT INTO `tb_cami` (`id`, `cami_code`, `price`, `specification`, `type`, `status`, `time`, `exchange_time`) VALUES (2, '9997klD5TP2qcy43hasz', 1.00, 2, 1, 1, '2024-01-15 18:05:53', '2024-01-16 14:32:41');
INSERT INTO `tb_cami` (`id`, `cami_code`, `price`, `specification`, `type`, `status`, `time`, `exchange_time`) VALUES (3, '97IMx0t4gkXuF2c445d0', 1.00, 2, 1, 1, '2024-01-15 17:54:09', '2024-01-16 14:26:52');
INSERT INTO `tb_cami` (`id`, `cami_code`, `price`, `specification`, `type`, `status`, `time`, `exchange_time`) VALUES (4, '510I17104I7sM0ZFN19l', 10.00, 10, 1, 1, '2024-01-15 17:53:10', '2024-01-16 14:27:47');
INSERT INTO `tb_cami` (`id`, `cami_code`, `price`, `specification`, `type`, `status`, `time`, `exchange_time`) VALUES (5, 'jfNzT0n0blN17lJ3UG85', 1.00, 1, 1, 1, '2024-01-16 14:55:22', '2024-01-16 15:34:18');
INSERT INTO `tb_cami` (`id`, `cami_code`, `price`, `specification`, `type`, `status`, `time`, `exchange_time`) VALUES (6, 'Re0unDX63I3vLx867AEj', 20.00, 1, 0, 1, '2024-01-16 14:55:04', '2024-01-16 15:04:37');
COMMIT;

-- ----------------------------
-- Table structure for tb_cami_exchange
-- ----------------------------
DROP TABLE IF EXISTS `tb_cami_exchange`;
CREATE TABLE `tb_cami_exchange` (
  `id` bigint NOT NULL AUTO_INCREMENT COMMENT '兑换记录表主键ID',
  `user_id` bigint DEFAULT NULL COMMENT '用户ID',
  `cami_code` varchar(255) CHARACTER SET utf8mb4 COLLATE utf8mb4_general_ci DEFAULT NULL COMMENT '卡密号',
  `price` decimal(10,2) DEFAULT NULL COMMENT '卡密价格',
  `specification` decimal(10,2) DEFAULT NULL COMMENT '卡密规格(金币为个/VIP为天)',
  `type` int DEFAULT NULL COMMENT '卡密兑换类型(0:VIP  1:金币)',
  `cami_id` bigint DEFAULT NULL COMMENT '卡密表关联ID',
  `time` datetime DEFAULT NULL COMMENT '兑换时间',
  PRIMARY KEY (`id`)
) ENGINE=InnoDB AUTO_INCREMENT=22 DEFAULT CHARSET=utf8mb4 COLLATE=utf8mb4_general_ci COMMENT='卡密兑换记录表';

-- ----------------------------
-- Records of tb_cami_exchange
-- ----------------------------
BEGIN;
INSERT INTO `tb_cami_exchange` (`id`, `user_id`, `cami_code`, `price`, `specification`, `type`, `cami_id`, `time`) VALUES (1, 10000000, 'Re0unDX63I3vLx867AEj', 20.00, 1.00, 0, 6, '2024-01-16 15:04:37');
INSERT INTO `tb_cami_exchange` (`id`, `user_id`, `cami_code`, `price`, `specification`, `type`, `cami_id`, `time`) VALUES (11, 1, 'jfNzT0n0blN17lJ3UG85', 1.00, 1.00, 1, 5, '2024-01-16 15:34:18');
INSERT INTO `tb_cami_exchange` (`id`, `user_id`, `cami_code`, `price`, `specification`, `type`, `cami_id`, `time`) VALUES (12, 10000000, 'Re0unDX63I3vLx867AEj', 20.00, 1.00, 0, 6, '2024-01-16 15:04:37');
INSERT INTO `tb_cami_exchange` (`id`, `user_id`, `cami_code`, `price`, `specification`, `type`, `cami_id`, `time`) VALUES (13, 10000000, 'jfNzT0n0blN17lJ3UG85', 1.00, 1.00, 1, 5, '2024-01-16 15:34:18');
INSERT INTO `tb_cami_exchange` (`id`, `user_id`, `cami_code`, `price`, `specification`, `type`, `cami_id`, `time`) VALUES (14, 10000000, 'Re0unDX63I3vLx867AEj', 20.00, 1.00, 0, 6, '2024-01-16 15:04:37');
INSERT INTO `tb_cami_exchange` (`id`, `user_id`, `cami_code`, `price`, `specification`, `type`, `cami_id`, `time`) VALUES (15, 10000000, 'jfNzT0n0blN17lJ3UG85', 1.00, 1.00, 1, 5, '2024-01-16 15:34:18');
INSERT INTO `tb_cami_exchange` (`id`, `user_id`, `cami_code`, `price`, `specification`, `type`, `cami_id`, `time`) VALUES (16, 10000000, 'Re0unDX63I3vLx867AEj', 20.00, 1.00, 0, 6, '2024-01-16 15:04:37');
INSERT INTO `tb_cami_exchange` (`id`, `user_id`, `cami_code`, `price`, `specification`, `type`, `cami_id`, `time`) VALUES (17, 10000000, 'jfNzT0n0blN17lJ3UG85', 1.00, 1.00, 1, 5, '2024-01-16 15:34:18');
INSERT INTO `tb_cami_exchange` (`id`, `user_id`, `cami_code`, `price`, `specification`, `type`, `cami_id`, `time`) VALUES (18, 10000000, 'Re0unDX63I3vLx867AEj', 20.00, 1.00, 0, 6, '2024-01-16 15:04:37');
INSERT INTO `tb_cami_exchange` (`id`, `user_id`, `cami_code`, `price`, `specification`, `type`, `cami_id`, `time`) VALUES (19, 10000000, 'jfNzT0n0blN17lJ3UG85', 1.00, 1.00, 1, 5, '2024-01-16 15:34:18');
INSERT INTO `tb_cami_exchange` (`id`, `user_id`, `cami_code`, `price`, `specification`, `type`, `cami_id`, `time`) VALUES (20, 10000000, 'Re0unDX63I3vLx867AEj', 20.00, 1.00, 0, 6, '2024-01-16 15:04:37');
INSERT INTO `tb_cami_exchange` (`id`, `user_id`, `cami_code`, `price`, `specification`, `type`, `cami_id`, `time`) VALUES (21, 10000000, 'jfNzT0n0blN17lJ3UG85', 1.00, 1.00, 1, 5, '2024-01-16 15:34:18');
COMMIT;

-- ----------------------------
-- Table structure for tb_circle
-- ----------------------------
DROP TABLE IF EXISTS `tb_circle`;
CREATE TABLE `tb_circle` (
  `id` bigint NOT NULL AUTO_INCREMENT COMMENT '主键ID',
  `user_id` bigint DEFAULT NULL COMMENT '圈主ID',
  `circle_class_id` bigint DEFAULT NULL COMMENT '圈子分类(分类ID)',
  `circle_introduce` varchar(255) CHARACTER SET utf8mb4 COLLATE utf8mb4_general_ci DEFAULT NULL COMMENT '圈子介绍',
  `circle_sculpture` varchar(255) CHARACTER SET utf8mb4 COLLATE utf8mb4_general_ci DEFAULT NULL COMMENT '圈子头像',
  `circle_background` varchar(255) CHARACTER SET utf8mb4 COLLATE utf8mb4_general_ci DEFAULT NULL COMMENT '圈子背景',
  `status` int DEFAULT NULL COMMENT '审核状态(0:待审核  1:通过  2:拒绝)',
  `reason` varchar(255) CHARACTER SET utf8mb4 COLLATE utf8mb4_general_ci DEFAULT NULL COMMENT '理由(审核通过无需理由,审核拒绝需填写拒绝理由)',
  `time` datetime DEFAULT NULL COMMENT '圈子创建时间',
  `hot_ok` int DEFAULT NULL COMMENT '是否热门圈子(0不是1是)',
  `circle_name` varchar(32) CHARACTER SET utf8mb4 COLLATE utf8mb4_general_ci DEFAULT NULL COMMENT '圈子名字',
  PRIMARY KEY (`id`)
) ENGINE=InnoDB AUTO_INCREMENT=41 DEFAULT CHARSET=utf8mb4 COLLATE=utf8mb4_general_ci COMMENT='圈子表';

-- ----------------------------
-- Records of tb_circle
-- ----------------------------
BEGIN;
INSERT INTO `tb_circle` (`id`, `user_id`, `circle_class_id`, `circle_introduce`, `circle_sculpture`, `circle_background`, `status`, `reason`, `time`, `hot_ok`, `circle_name`) VALUES (1, 1, 1, '这是一个不在乎颜值的圈子~', 'https://movies-momoyu.oss-cn-chengdu.aliyuncs.com/20231221/806479dcf3004f3abc6644fe6f814c73.jpeg', 'https://movies-momoyu.oss-cn-chengdu.aliyuncs.com/20231221/459fe2865108428e87e55ac45ed98b06.jpeg', 1, NULL, '2023-12-15 17:20:58', 1, '颜值有礼');
INSERT INTO `tb_circle` (`id`, `user_id`, `circle_class_id`, `circle_introduce`, `circle_sculpture`, `circle_background`, `status`, `reason`, `time`, `hot_ok`, `circle_name`) VALUES (11, 10000031, 11, '爱好原神的人，滴滴答答滴滴答答', 'https://dazhi-chatting.oss-cn-chengdu.aliyuncs.com/20231215/6d814cd951a641b3bb4f4a41f56390bf.jpg', 'https://dazhi-chatting.oss-cn-chengdu.aliyuncs.com/20231215/6124cf2c52de45a089f301f640d5988e.jpg', 1, NULL, '2023-12-15 17:27:27', 1, '原神爱好者');
INSERT INTO `tb_circle` (`id`, `user_id`, `circle_class_id`, `circle_introduce`, `circle_sculpture`, `circle_background`, `status`, `reason`, `time`, `hot_ok`, `circle_name`) VALUES (21, 1, 1, '颜值私密圈颜值私密圈颜值私密圈', 'https://movies-momoyu.oss-cn-chengdu.aliyuncs.com/20240123/a065bf8c65064ca49e119d27f953a988.jpg', 'https://movies-momoyu.oss-cn-chengdu.aliyuncs.com/20240123/3ec0a975e90241cc97e710ac962501e2.jpg', 1, NULL, '2024-01-23 15:45:44', 0, '颜值私密圈');
INSERT INTO `tb_circle` (`id`, `user_id`, `circle_class_id`, `circle_introduce`, `circle_sculpture`, `circle_background`, `status`, `reason`, `time`, `hot_ok`, `circle_name`) VALUES (31, 10000141, 1, '3213213233112321', 'https://movies-momoyu.oss-cn-chengdu.aliyuncs.com/20240126/da1d0b2fb0424403b431ac0a8eb2d601.jpg', 'https://movies-momoyu.oss-cn-chengdu.aliyuncs.com/20240126/05818ea1ee7b49748a634a67328be710.jpg', 1, NULL, '2024-01-26 16:26:18', 0, '2232132');
COMMIT;

-- ----------------------------
-- Table structure for tb_circle_class
-- ----------------------------
DROP TABLE IF EXISTS `tb_circle_class`;
CREATE TABLE `tb_circle_class` (
  `id` bigint NOT NULL AUTO_INCREMENT COMMENT '分类ID',
  `name` varchar(32) CHARACTER SET utf8mb4 COLLATE utf8mb4_general_ci DEFAULT NULL COMMENT '分类名字',
  `create_time` datetime DEFAULT NULL COMMENT '创建时间',
  `sorts` int DEFAULT NULL COMMENT '排序(越大越靠前)',
  PRIMARY KEY (`id`)
) ENGINE=InnoDB AUTO_INCREMENT=32 DEFAULT CHARSET=utf8mb4 COLLATE=utf8mb4_general_ci COMMENT='圈子分类';

-- ----------------------------
-- Records of tb_circle_class
-- ----------------------------
BEGIN;
INSERT INTO `tb_circle_class` (`id`, `name`, `create_time`, `sorts`) VALUES (1, '颜值', '2023-12-05 15:30:24', 0);
INSERT INTO `tb_circle_class` (`id`, `name`, `create_time`, `sorts`) VALUES (11, '二次元', '2023-12-05 15:30:34', 0);
INSERT INTO `tb_circle_class` (`id`, `name`, `create_time`, `sorts`) VALUES (21, '宠物', '2023-12-05 15:33:43', 0);
INSERT INTO `tb_circle_class` (`id`, `name`, `create_time`, `sorts`) VALUES (31, '摄影', '2023-12-05 15:33:53', 0);
COMMIT;

-- ----------------------------
-- Table structure for tb_circle_user
-- ----------------------------
DROP TABLE IF EXISTS `tb_circle_user`;
CREATE TABLE `tb_circle_user` (
  `id` bigint NOT NULL AUTO_INCREMENT COMMENT 'id',
  `circle_id` bigint DEFAULT NULL COMMENT '圈子ID',
  `user_id` bigint DEFAULT NULL COMMENT '用户ID',
  `create_time` datetime DEFAULT NULL COMMENT '入圈时间',
  `type` int DEFAULT NULL COMMENT '类型(0普通用户1特邀嘉宾2管理员3圈主)',
  PRIMARY KEY (`id`)
) ENGINE=InnoDB AUTO_INCREMENT=241 DEFAULT CHARSET=utf8mb4 COLLATE=utf8mb4_general_ci COMMENT='圈子人员';

-- ----------------------------
-- Records of tb_circle_user
-- ----------------------------
BEGIN;
INSERT INTO `tb_circle_user` (`id`, `circle_id`, `user_id`, `create_time`, `type`) VALUES (1, 1, 1, '2023-12-15 17:20:58', 3);
INSERT INTO `tb_circle_user` (`id`, `circle_id`, `user_id`, `create_time`, `type`) VALUES (21, 11, 10000031, '2023-12-15 17:27:27', 3);
INSERT INTO `tb_circle_user` (`id`, `circle_id`, `user_id`, `create_time`, `type`) VALUES (41, 11, 10000041, '2023-12-15 20:41:35', 2);
INSERT INTO `tb_circle_user` (`id`, `circle_id`, `user_id`, `create_time`, `type`) VALUES (51, 11, 11, '2023-12-15 22:12:55', 0);
INSERT INTO `tb_circle_user` (`id`, `circle_id`, `user_id`, `create_time`, `type`) VALUES (61, 11, 10000051, '2023-12-15 22:16:55', 0);
INSERT INTO `tb_circle_user` (`id`, `circle_id`, `user_id`, `create_time`, `type`) VALUES (71, 11, 10000001, '2023-12-16 14:16:23', 0);
INSERT INTO `tb_circle_user` (`id`, `circle_id`, `user_id`, `create_time`, `type`) VALUES (111, 1, 10000001, '2023-12-20 15:52:23', 0);
INSERT INTO `tb_circle_user` (`id`, `circle_id`, `user_id`, `create_time`, `type`) VALUES (141, 11, 10000061, '2023-12-21 14:48:13', 0);
INSERT INTO `tb_circle_user` (`id`, `circle_id`, `user_id`, `create_time`, `type`) VALUES (171, 11, 10000071, '2023-12-25 17:22:31', 0);
INSERT INTO `tb_circle_user` (`id`, `circle_id`, `user_id`, `create_time`, `type`) VALUES (181, 11, 1, '2023-12-25 17:25:11', 0);
INSERT INTO `tb_circle_user` (`id`, `circle_id`, `user_id`, `create_time`, `type`) VALUES (191, 1, 10000091, '2024-01-09 17:24:02', 0);
INSERT INTO `tb_circle_user` (`id`, `circle_id`, `user_id`, `create_time`, `type`) VALUES (201, 11, 10000000, '2024-01-12 14:41:26', 0);
INSERT INTO `tb_circle_user` (`id`, `circle_id`, `user_id`, `create_time`, `type`) VALUES (211, 21, 1, '2024-01-23 15:45:46', 3);
INSERT INTO `tb_circle_user` (`id`, `circle_id`, `user_id`, `create_time`, `type`) VALUES (221, 31, 10000141, '2024-01-26 16:26:19', 3);
INSERT INTO `tb_circle_user` (`id`, `circle_id`, `user_id`, `create_time`, `type`) VALUES (231, 11, 10000141, '2024-01-26 16:57:04', 0);
COMMIT;

-- ----------------------------
-- Table structure for tb_comment
-- ----------------------------
DROP TABLE IF EXISTS `tb_comment`;
CREATE TABLE `tb_comment` (
  `id` int unsigned NOT NULL AUTO_INCREMENT,
  `tid` bigint DEFAULT NULL COMMENT '所属帖子id',
  `comment_user_id` bigint unsigned DEFAULT NULL COMMENT '评论人id',
  `parent_id` bigint unsigned DEFAULT NULL COMMENT '所属评论id，主评论为null',
  `content` longtext CHARACTER SET utf8mb4 COLLATE utf8mb4_general_ci COMMENT '评论内容',
  `status` int unsigned DEFAULT '0' COMMENT '状态，0-未审核，1-展现，2-审核驳回',
  `create_time` datetime DEFAULT CURRENT_TIMESTAMP,
  `update_time` datetime DEFAULT NULL ON UPDATE CURRENT_TIMESTAMP,
  `like_num` int DEFAULT NULL COMMENT '点赞数量',
  PRIMARY KEY (`id`) USING BTREE
) ENGINE=InnoDB AUTO_INCREMENT=841 DEFAULT CHARSET=utf8mb4 COLLATE=utf8mb4_general_ci ROW_FORMAT=COMPACT COMMENT='评论';

-- ----------------------------
-- Records of tb_comment
-- ----------------------------
BEGIN;
INSERT INTO `tb_comment` (`id`, `tid`, `comment_user_id`, `parent_id`, `content`, `status`, `create_time`, `update_time`, `like_num`) VALUES (321, 181, 1, NULL, '滴滴滴', 0, '2023-12-15 20:30:04', '2023-12-15 20:42:18', 1);
INSERT INTO `tb_comment` (`id`, `tid`, `comment_user_id`, `parent_id`, `content`, `status`, `create_time`, `update_time`, `like_num`) VALUES (331, 181, 10000041, NULL, 'unusual', 0, '2023-12-15 20:42:17', '2023-12-15 20:42:17', 0);
INSERT INTO `tb_comment` (`id`, `tid`, `comment_user_id`, `parent_id`, `content`, `status`, `create_time`, `update_time`, `like_num`) VALUES (341, 281, 10000041, NULL, '傻逼', 0, '2023-12-15 21:16:51', '2023-12-15 21:16:54', 1);
INSERT INTO `tb_comment` (`id`, `tid`, `comment_user_id`, `parent_id`, `content`, `status`, `create_time`, `update_time`, `like_num`) VALUES (351, 281, 10000041, 341, '@卷发的板凳 咦咦咦咦咦咦', 0, '2023-12-15 21:17:01', '2023-12-15 21:17:01', 0);
INSERT INTO `tb_comment` (`id`, `tid`, `comment_user_id`, `parent_id`, `content`, `status`, `create_time`, `update_time`, `like_num`) VALUES (361, 231, 10000041, NULL, '哈哈', 0, '2023-12-15 21:57:37', '2023-12-15 21:57:37', 0);
INSERT INTO `tb_comment` (`id`, `tid`, `comment_user_id`, `parent_id`, `content`, `status`, `create_time`, `update_time`, `like_num`) VALUES (371, 291, 10000041, NULL, '要皮呀我上自习', 0, '2023-12-15 22:48:02', '2023-12-15 22:48:02', 0);
INSERT INTO `tb_comment` (`id`, `tid`, `comment_user_id`, `parent_id`, `content`, `status`, `create_time`, `update_time`, `like_num`) VALUES (381, 201, 1, NULL, '2132321321', 0, '2023-12-21 13:04:56', '2023-12-21 13:04:56', 0);
INSERT INTO `tb_comment` (`id`, `tid`, `comment_user_id`, `parent_id`, `content`, `status`, `create_time`, `update_time`, `like_num`) VALUES (391, 191, 10000041, NULL, '😂😂😂😂', 0, '2023-12-21 20:10:30', '2023-12-21 20:10:30', 0);
INSERT INTO `tb_comment` (`id`, `tid`, `comment_user_id`, `parent_id`, `content`, `status`, `create_time`, `update_time`, `like_num`) VALUES (401, 291, 1, 371, '@卷发的板凳 莫莫莫', 0, '2023-12-22 21:10:07', '2023-12-22 21:10:07', 0);
INSERT INTO `tb_comment` (`id`, `tid`, `comment_user_id`, `parent_id`, `content`, `status`, `create_time`, `update_time`, `like_num`) VALUES (411, 291, 10000001, NULL, '哈哈', 0, '2023-12-23 10:57:14', '2023-12-23 10:57:14', 0);
INSERT INTO `tb_comment` (`id`, `tid`, `comment_user_id`, `parent_id`, `content`, `status`, `create_time`, `update_time`, `like_num`) VALUES (421, 291, 10000001, 411, '@英俊的枕头 摸摸胸', 0, '2023-12-23 10:57:48', '2023-12-23 10:57:48', 0);
INSERT INTO `tb_comment` (`id`, `tid`, `comment_user_id`, `parent_id`, `content`, `status`, `create_time`, `update_time`, `like_num`) VALUES (431, 421, 10000001, NULL, '傻逼傻逼', 0, '2023-12-25 16:00:18', '2023-12-25 16:05:54', 1);
INSERT INTO `tb_comment` (`id`, `tid`, `comment_user_id`, `parent_id`, `content`, `status`, `create_time`, `update_time`, `like_num`) VALUES (441, 421, 10000001, NULL, '大傻逼', 0, '2023-12-25 16:05:06', '2023-12-25 16:05:06', 0);
INSERT INTO `tb_comment` (`id`, `tid`, `comment_user_id`, `parent_id`, `content`, `status`, `create_time`, `update_time`, `like_num`) VALUES (451, 421, 10000001, NULL, '大萨达撒打算', 0, '2023-12-25 16:05:43', '2023-12-25 16:05:43', 0);
INSERT INTO `tb_comment` (`id`, `tid`, `comment_user_id`, `parent_id`, `content`, `status`, `create_time`, `update_time`, `like_num`) VALUES (461, 341, 10000071, NULL, '滴滴明细账', 0, '2023-12-25 17:25:50', '2023-12-25 17:25:50', 0);
INSERT INTO `tb_comment` (`id`, `tid`, `comment_user_id`, `parent_id`, `content`, `status`, `create_time`, `update_time`, `like_num`) VALUES (471, 341, 1, 461, '@怕孤单的领带 999', 0, '2023-12-25 17:25:59', '2023-12-25 17:25:59', 0);
INSERT INTO `tb_comment` (`id`, `tid`, `comment_user_id`, `parent_id`, `content`, `status`, `create_time`, `update_time`, `like_num`) VALUES (481, 341, 10000071, 461, '@奥特曼打猪 or明敏', 0, '2023-12-25 17:26:20', '2023-12-25 17:26:20', 0);
INSERT INTO `tb_comment` (`id`, `tid`, `comment_user_id`, `parent_id`, `content`, `status`, `create_time`, `update_time`, `like_num`) VALUES (491, 471, 1, NULL, 'huihiuhiuhiu', 0, '2023-12-25 17:58:45', '2023-12-25 17:58:45', 0);
INSERT INTO `tb_comment` (`id`, `tid`, `comment_user_id`, `parent_id`, `content`, `status`, `create_time`, `update_time`, `like_num`) VALUES (501, 471, 1, NULL, 'dsadsadsadsadsadas', 0, '2023-12-25 17:59:14', '2023-12-25 17:59:14', 0);
INSERT INTO `tb_comment` (`id`, `tid`, `comment_user_id`, `parent_id`, `content`, `status`, `create_time`, `update_time`, `like_num`) VALUES (511, 471, 1, NULL, 'dsadsadsadsadsadsadsa', 0, '2023-12-25 17:59:20', '2023-12-25 17:59:20', 0);
INSERT INTO `tb_comment` (`id`, `tid`, `comment_user_id`, `parent_id`, `content`, `status`, `create_time`, `update_time`, `like_num`) VALUES (521, 471, 1, NULL, '321321321321', 0, '2023-12-25 18:02:14', '2023-12-25 18:02:14', 0);
INSERT INTO `tb_comment` (`id`, `tid`, `comment_user_id`, `parent_id`, `content`, `status`, `create_time`, `update_time`, `like_num`) VALUES (531, 471, 1, NULL, 'bhibhibhi', 0, '2023-12-25 18:02:57', '2023-12-25 18:02:57', 0);
INSERT INTO `tb_comment` (`id`, `tid`, `comment_user_id`, `parent_id`, `content`, `status`, `create_time`, `update_time`, `like_num`) VALUES (541, 471, 1, NULL, 'kjnjnjinij', 0, '2023-12-25 18:03:33', '2023-12-25 18:03:33', 0);
INSERT INTO `tb_comment` (`id`, `tid`, `comment_user_id`, `parent_id`, `content`, `status`, `create_time`, `update_time`, `like_num`) VALUES (551, 471, 1, NULL, '999999999', 0, '2023-12-25 18:03:48', '2023-12-25 18:03:48', 0);
INSERT INTO `tb_comment` (`id`, `tid`, `comment_user_id`, `parent_id`, `content`, `status`, `create_time`, `update_time`, `like_num`) VALUES (561, 471, 1, NULL, 'dsadsadsadas', 0, '2023-12-25 18:10:54', '2023-12-25 18:10:54', 0);
INSERT INTO `tb_comment` (`id`, `tid`, `comment_user_id`, `parent_id`, `content`, `status`, `create_time`, `update_time`, `like_num`) VALUES (571, 471, 1, NULL, 'ewqeweqwewq', 0, '2023-12-25 18:11:11', '2023-12-25 18:11:11', 0);
INSERT INTO `tb_comment` (`id`, `tid`, `comment_user_id`, `parent_id`, `content`, `status`, `create_time`, `update_time`, `like_num`) VALUES (581, 471, 1, NULL, 'dsadsadsadsa', 0, '2023-12-25 18:11:17', '2023-12-25 18:11:17', 0);
INSERT INTO `tb_comment` (`id`, `tid`, `comment_user_id`, `parent_id`, `content`, `status`, `create_time`, `update_time`, `like_num`) VALUES (591, 471, 1, NULL, 'dsadsadsadsa', 0, '2023-12-25 18:11:26', '2023-12-25 18:11:26', 0);
INSERT INTO `tb_comment` (`id`, `tid`, `comment_user_id`, `parent_id`, `content`, `status`, `create_time`, `update_time`, `like_num`) VALUES (601, 471, 1, NULL, 'dsdsadsadsads', 0, '2023-12-25 18:11:32', '2023-12-25 18:11:32', 0);
INSERT INTO `tb_comment` (`id`, `tid`, `comment_user_id`, `parent_id`, `content`, `status`, `create_time`, `update_time`, `like_num`) VALUES (611, 421, 10000041, NULL, 'dsdsadsa', 0, '2023-12-25 20:12:26', '2023-12-25 20:12:26', 0);
INSERT INTO `tb_comment` (`id`, `tid`, `comment_user_id`, `parent_id`, `content`, `status`, `create_time`, `update_time`, `like_num`) VALUES (621, 421, 10000041, NULL, 'dsadsadsadsadsa', 0, '2023-12-25 20:12:31', '2023-12-25 20:12:31', 0);
INSERT INTO `tb_comment` (`id`, `tid`, `comment_user_id`, `parent_id`, `content`, `status`, `create_time`, `update_time`, `like_num`) VALUES (631, 421, 10000041, NULL, 'dsadsadsa', 0, '2023-12-25 20:12:39', '2023-12-25 20:12:39', 0);
INSERT INTO `tb_comment` (`id`, `tid`, `comment_user_id`, `parent_id`, `content`, `status`, `create_time`, `update_time`, `like_num`) VALUES (641, 421, 10000041, NULL, 'dsadsadsa', 0, '2023-12-25 20:12:45', '2023-12-25 20:12:45', 0);
INSERT INTO `tb_comment` (`id`, `tid`, `comment_user_id`, `parent_id`, `content`, `status`, `create_time`, `update_time`, `like_num`) VALUES (651, 421, 10000041, NULL, '1221', 0, '2023-12-25 20:13:09', '2023-12-25 20:13:09', 0);
INSERT INTO `tb_comment` (`id`, `tid`, `comment_user_id`, `parent_id`, `content`, `status`, `create_time`, `update_time`, `like_num`) VALUES (661, 421, 10000041, NULL, '321321321321321', 0, '2023-12-25 20:18:49', '2023-12-25 20:18:49', 0);
INSERT INTO `tb_comment` (`id`, `tid`, `comment_user_id`, `parent_id`, `content`, `status`, `create_time`, `update_time`, `like_num`) VALUES (671, 421, 10000041, NULL, '32132321321321', 0, '2023-12-25 20:20:07', '2023-12-25 20:20:07', 0);
INSERT INTO `tb_comment` (`id`, `tid`, `comment_user_id`, `parent_id`, `content`, `status`, `create_time`, `update_time`, `like_num`) VALUES (681, 421, 10000041, NULL, '32321321', 0, '2023-12-25 20:20:16', '2023-12-25 20:20:16', 0);
INSERT INTO `tb_comment` (`id`, `tid`, `comment_user_id`, `parent_id`, `content`, `status`, `create_time`, `update_time`, `like_num`) VALUES (691, 421, 10000041, NULL, '32321321321', 0, '2023-12-25 20:20:45', '2023-12-25 20:20:45', 0);
INSERT INTO `tb_comment` (`id`, `tid`, `comment_user_id`, `parent_id`, `content`, `status`, `create_time`, `update_time`, `like_num`) VALUES (701, 421, 10000041, NULL, '132321321', 0, '2023-12-25 20:20:50', '2023-12-25 20:20:50', 0);
INSERT INTO `tb_comment` (`id`, `tid`, `comment_user_id`, `parent_id`, `content`, `status`, `create_time`, `update_time`, `like_num`) VALUES (711, 421, 10000041, NULL, '321321321321', 0, '2023-12-25 20:22:15', '2023-12-25 20:22:15', 0);
INSERT INTO `tb_comment` (`id`, `tid`, `comment_user_id`, `parent_id`, `content`, `status`, `create_time`, `update_time`, `like_num`) VALUES (721, 481, 10000071, NULL, '哈哈哈', 0, '2023-12-25 20:45:56', '2024-01-05 18:47:15', 1);
INSERT INTO `tb_comment` (`id`, `tid`, `comment_user_id`, `parent_id`, `content`, `status`, `create_time`, `update_time`, `like_num`) VALUES (731, 421, 1, NULL, '好的撒的撒的', 0, '2023-12-26 17:35:52', '2023-12-26 17:35:52', 0);
INSERT INTO `tb_comment` (`id`, `tid`, `comment_user_id`, `parent_id`, `content`, `status`, `create_time`, `update_time`, `like_num`) VALUES (741, 421, 1, NULL, '大萨达实打实大搭讪', 0, '2023-12-26 17:36:15', '2023-12-26 17:36:15', 0);
INSERT INTO `tb_comment` (`id`, `tid`, `comment_user_id`, `parent_id`, `content`, `status`, `create_time`, `update_time`, `like_num`) VALUES (751, 291, 1, NULL, 'dsadsadsadasdsa', 0, '2023-12-26 17:41:09', '2023-12-26 17:41:09', 0);
INSERT INTO `tb_comment` (`id`, `tid`, `comment_user_id`, `parent_id`, `content`, `status`, `create_time`, `update_time`, `like_num`) VALUES (761, 271, 10000000, NULL, '傻逼', 0, '2024-01-04 17:33:00', '2024-01-04 17:33:00', 0);
INSERT INTO `tb_comment` (`id`, `tid`, `comment_user_id`, `parent_id`, `content`, `status`, `create_time`, `update_time`, `like_num`) VALUES (771, 281, 10000000, NULL, '发发发发舒服', 0, '2024-01-04 17:33:23', '2024-01-04 17:33:23', 0);
INSERT INTO `tb_comment` (`id`, `tid`, `comment_user_id`, `parent_id`, `content`, `status`, `create_time`, `update_time`, `like_num`) VALUES (781, 481, 10000001, NULL, '哈哈', 0, '2024-01-05 18:47:20', '2024-01-05 18:47:20', 0);
INSERT INTO `tb_comment` (`id`, `tid`, `comment_user_id`, `parent_id`, `content`, `status`, `create_time`, `update_time`, `like_num`) VALUES (791, 341, 1, NULL, '好的不得了', 0, '2024-01-05 21:03:08', '2024-01-05 21:03:08', 0);
INSERT INTO `tb_comment` (`id`, `tid`, `comment_user_id`, `parent_id`, `content`, `status`, `create_time`, `update_time`, `like_num`) VALUES (801, 341, 1, 461, '@怕孤单的领带 哈哈', 0, '2024-01-05 21:03:14', '2024-01-05 21:03:14', 0);
INSERT INTO `tb_comment` (`id`, `tid`, `comment_user_id`, `parent_id`, `content`, `status`, `create_time`, `update_time`, `like_num`) VALUES (811, 481, 1, NULL, '名字嘻嘻嘻嘻', 0, '2024-01-05 22:47:15', '2024-01-05 22:47:15', 0);
INSERT INTO `tb_comment` (`id`, `tid`, `comment_user_id`, `parent_id`, `content`, `status`, `create_time`, `update_time`, `like_num`) VALUES (821, 501, 10000000, NULL, '就hi', 0, '2024-01-12 14:46:15', '2024-01-12 14:46:15', 0);
INSERT INTO `tb_comment` (`id`, `tid`, `comment_user_id`, `parent_id`, `content`, `status`, `create_time`, `update_time`, `like_num`) VALUES (831, 501, 10000000, 821, '@哈试试 767', 0, '2024-01-12 14:46:25', '2024-01-12 14:46:25', 0);
COMMIT;

-- ----------------------------
-- Table structure for tb_commodity
-- ----------------------------
DROP TABLE IF EXISTS `tb_commodity`;
CREATE TABLE `tb_commodity` (
  `id` bigint NOT NULL COMMENT '商品表主键ID',
  `duration` varchar(255) CHARACTER SET utf8mb4 COLLATE utf8mb4_general_ci DEFAULT NULL COMMENT '显示名称(1个  2个   3个)',
  `price` decimal(10,2) DEFAULT NULL COMMENT '商品价格',
  `commodity_specification` varchar(255) CHARACTER SET utf8mb4 COLLATE utf8mb4_general_ci DEFAULT NULL COMMENT '商品规格(金币为个  会员为天或月)',
  `give_diamond` varchar(255) CHARACTER SET utf8mb4 COLLATE utf8mb4_general_ci DEFAULT NULL COMMENT '赠送数量',
  `commodity_to_sort` int DEFAULT NULL COMMENT '商品排序',
  `type` int DEFAULT NULL COMMENT '商品类型(1:钻石  2:VIP)',
  `status` int DEFAULT NULL COMMENT '是否开启(1:是  2:否)',
  `label` int DEFAULT NULL COMMENT '标签开启(0:开启  1:关闭)',
  `brief_introduction` varchar(255) CHARACTER SET utf8mb4 COLLATE utf8mb4_general_ci DEFAULT NULL COMMENT '商品简介(例如优惠,特惠等字数较少的介绍)',
  `time` datetime DEFAULT NULL COMMENT '创建时间',
  PRIMARY KEY (`id`)
) ENGINE=InnoDB DEFAULT CHARSET=utf8mb4 COLLATE=utf8mb4_general_ci COMMENT='商品表';

-- ----------------------------
-- Records of tb_commodity
-- ----------------------------
BEGIN;
INSERT INTO `tb_commodity` (`id`, `duration`, `price`, `commodity_specification`, `give_diamond`, `commodity_to_sort`, `type`, `status`, `label`, `brief_introduction`, `time`) VALUES (1723247411702833153, '3个月', 0.10, '90', '11', 1, 2, 1, 1, '很便宜', '2023-11-11 13:39:09');
INSERT INTO `tb_commodity` (`id`, `duration`, `price`, `commodity_specification`, `give_diamond`, `commodity_to_sort`, `type`, `status`, `label`, `brief_introduction`, `time`) VALUES (1723251463085924353, '10个', 0.20, '100', '10', 1, 1, 1, 0, '123', '2023-11-11 13:39:09');
INSERT INTO `tb_commodity` (`id`, `duration`, `price`, `commodity_specification`, `give_diamond`, `commodity_to_sort`, `type`, `status`, `label`, `brief_introduction`, `time`) VALUES (1723253307971551234, '1个', 0.10, '10', '10', 0, 1, 1, 0, '特惠', '2023-11-11 16:16:20');
INSERT INTO `tb_commodity` (`id`, `duration`, `price`, `commodity_specification`, `give_diamond`, `commodity_to_sort`, `type`, `status`, `label`, `brief_introduction`, `time`) VALUES (1723253307971551235, '一个月', 0.10, '30', '11', 0, 2, 1, 0, '贼便宜', '2023-11-11 16:16:20');
COMMIT;

-- ----------------------------
-- Table structure for tb_customer
-- ----------------------------
DROP TABLE IF EXISTS `tb_customer`;
CREATE TABLE `tb_customer` (
  `id` bigint NOT NULL AUTO_INCREMENT COMMENT '主键ID',
  `customer_qr_code_url` varchar(255) CHARACTER SET utf8mb4 COLLATE utf8mb4_general_ci DEFAULT NULL COMMENT '客服二维码url链接',
  `customer_weChat` varchar(255) CHARACTER SET utf8mb4 COLLATE utf8mb4_general_ci DEFAULT NULL COMMENT '客服微信号',
  `account_name` varchar(255) CHARACTER SET utf8mb4 COLLATE utf8mb4_general_ci DEFAULT NULL COMMENT '公众号名称',
  `tele_phone` varchar(255) CHARACTER SET utf8mb4 COLLATE utf8mb4_general_ci DEFAULT NULL COMMENT '联系电话',
  PRIMARY KEY (`id`)
) ENGINE=InnoDB AUTO_INCREMENT=1747895573377810435 DEFAULT CHARSET=utf8mb4 COLLATE=utf8mb4_general_ci COMMENT='客服联系方式表';

-- ----------------------------
-- Records of tb_customer
-- ----------------------------
BEGIN;
INSERT INTO `tb_customer` (`id`, `customer_qr_code_url`, `customer_weChat`, `account_name`, `tele_phone`) VALUES (1747895573377810434, 'https://movies-momoyu.oss-cn-chengdu.aliyuncs.com/20240119/c49535faeb9447a2a9c70cc8cbb923f5.jpg', '1', '2', '17188399444');
COMMIT;

-- ----------------------------
-- Table structure for tb_fabulous
-- ----------------------------
DROP TABLE IF EXISTS `tb_fabulous`;
CREATE TABLE `tb_fabulous` (
  `id` bigint NOT NULL AUTO_INCREMENT COMMENT '主键id',
  `tid` bigint DEFAULT NULL COMMENT '动态的id',
  `user_id` bigint DEFAULT NULL COMMENT '点赞的人的id',
  `create_time` datetime DEFAULT NULL COMMENT '点赞的时间',
  `type` int DEFAULT NULL COMMENT '类型(0帖子1评论)',
  PRIMARY KEY (`id`) USING BTREE
) ENGINE=InnoDB AUTO_INCREMENT=1729041487973578211 DEFAULT CHARSET=utf8mb4 COLLATE=utf8mb4_bin COMMENT='点赞记录表';

-- ----------------------------
-- Records of tb_fabulous
-- ----------------------------
BEGIN;
INSERT INTO `tb_fabulous` (`id`, `tid`, `user_id`, `create_time`, `type`) VALUES (1729041487973577551, 181, 1, '2023-12-15 20:29:58', 0);
INSERT INTO `tb_fabulous` (`id`, `tid`, `user_id`, `create_time`, `type`) VALUES (1729041487973577561, 181, 10000031, '2023-12-15 20:30:18', 0);
INSERT INTO `tb_fabulous` (`id`, `tid`, `user_id`, `create_time`, `type`) VALUES (1729041487973577571, 181, 10000041, '2023-12-15 20:42:06', 0);
INSERT INTO `tb_fabulous` (`id`, `tid`, `user_id`, `create_time`, `type`) VALUES (1729041487973577581, 321, 10000041, '2023-12-15 20:42:19', 1);
INSERT INTO `tb_fabulous` (`id`, `tid`, `user_id`, `create_time`, `type`) VALUES (1729041487973577591, 221, 1, '2023-12-15 20:50:39', 0);
INSERT INTO `tb_fabulous` (`id`, `tid`, `user_id`, `create_time`, `type`) VALUES (1729041487973577601, 191, 1, '2023-12-15 20:50:41', 0);
INSERT INTO `tb_fabulous` (`id`, `tid`, `user_id`, `create_time`, `type`) VALUES (1729041487973577611, 201, 1, '2023-12-15 20:50:43', 0);
INSERT INTO `tb_fabulous` (`id`, `tid`, `user_id`, `create_time`, `type`) VALUES (1729041487973577621, 341, 10000041, '2023-12-15 21:16:55', 1);
INSERT INTO `tb_fabulous` (`id`, `tid`, `user_id`, `create_time`, `type`) VALUES (1729041487973577651, 181, 10000001, '2023-12-16 15:37:10', 0);
INSERT INTO `tb_fabulous` (`id`, `tid`, `user_id`, `create_time`, `type`) VALUES (1729041487973577661, 201, 10000001, '2023-12-16 15:37:12', 0);
INSERT INTO `tb_fabulous` (`id`, `tid`, `user_id`, `create_time`, `type`) VALUES (1729041487973577681, 231, 1, '2023-12-21 09:14:02', 0);
INSERT INTO `tb_fabulous` (`id`, `tid`, `user_id`, `create_time`, `type`) VALUES (1729041487973577691, 191, 10000041, '2023-12-21 20:10:11', 0);
INSERT INTO `tb_fabulous` (`id`, `tid`, `user_id`, `create_time`, `type`) VALUES (1729041487973577701, 271, 10000041, '2023-12-22 20:05:02', 0);
INSERT INTO `tb_fabulous` (`id`, `tid`, `user_id`, `create_time`, `type`) VALUES (1729041487973577711, 211, 10000041, '2023-12-22 20:07:07', 0);
INSERT INTO `tb_fabulous` (`id`, `tid`, `user_id`, `create_time`, `type`) VALUES (1729041487973577731, 291, 10000001, '2023-12-22 20:11:45', 0);
INSERT INTO `tb_fabulous` (`id`, `tid`, `user_id`, `create_time`, `type`) VALUES (1729041487973577791, 421, 10000001, '2023-12-25 16:05:32', 0);
INSERT INTO `tb_fabulous` (`id`, `tid`, `user_id`, `create_time`, `type`) VALUES (1729041487973577801, 431, 10000001, '2023-12-25 16:05:55', 1);
INSERT INTO `tb_fabulous` (`id`, `tid`, `user_id`, `create_time`, `type`) VALUES (1729041487973577811, 341, 10000071, '2023-12-25 17:25:32', 0);
INSERT INTO `tb_fabulous` (`id`, `tid`, `user_id`, `create_time`, `type`) VALUES (1729041487973577821, 471, 1, '2023-12-25 17:58:33', 0);
INSERT INTO `tb_fabulous` (`id`, `tid`, `user_id`, `create_time`, `type`) VALUES (1729041487973577851, 421, 10000041, '2023-12-25 20:21:28', 0);
INSERT INTO `tb_fabulous` (`id`, `tid`, `user_id`, `create_time`, `type`) VALUES (1729041487973577871, 471, 10000041, '2023-12-25 20:35:28', 0);
INSERT INTO `tb_fabulous` (`id`, `tid`, `user_id`, `create_time`, `type`) VALUES (1729041487973577881, 461, 10000041, '2023-12-25 20:35:49', 0);
INSERT INTO `tb_fabulous` (`id`, `tid`, `user_id`, `create_time`, `type`) VALUES (1729041487973577891, 481, 10000071, '2023-12-25 20:45:41', 0);
INSERT INTO `tb_fabulous` (`id`, `tid`, `user_id`, `create_time`, `type`) VALUES (1729041487973577901, 421, 1, '2023-12-25 20:48:18', 0);
INSERT INTO `tb_fabulous` (`id`, `tid`, `user_id`, `create_time`, `type`) VALUES (1729041487973577911, 281, 10000071, '2023-12-29 22:50:37', 0);
INSERT INTO `tb_fabulous` (`id`, `tid`, `user_id`, `create_time`, `type`) VALUES (1729041487973577921, 421, 10000071, '2023-12-29 22:50:40', 0);
INSERT INTO `tb_fabulous` (`id`, `tid`, `user_id`, `create_time`, `type`) VALUES (1729041487973577991, 481, 10000061, '2024-01-04 16:52:38', 0);
INSERT INTO `tb_fabulous` (`id`, `tid`, `user_id`, `create_time`, `type`) VALUES (1729041487973578131, 291, 1, '2024-01-04 17:26:59', 0);
INSERT INTO `tb_fabulous` (`id`, `tid`, `user_id`, `create_time`, `type`) VALUES (1729041487973578161, 481, 10000001, '2024-01-05 18:46:54', 0);
INSERT INTO `tb_fabulous` (`id`, `tid`, `user_id`, `create_time`, `type`) VALUES (1729041487973578171, 721, 10000001, '2024-01-05 18:47:16', 1);
INSERT INTO `tb_fabulous` (`id`, `tid`, `user_id`, `create_time`, `type`) VALUES (1729041487973578181, 241, 1, '2024-01-09 11:14:43', 0);
INSERT INTO `tb_fabulous` (`id`, `tid`, `user_id`, `create_time`, `type`) VALUES (1729041487973578201, 501, 10000000, '2024-01-12 14:45:47', 0);
COMMIT;

-- ----------------------------
-- Table structure for tb_flow_record
-- ----------------------------
DROP TABLE IF EXISTS `tb_flow_record`;
CREATE TABLE `tb_flow_record` (
  `id` bigint NOT NULL AUTO_INCREMENT COMMENT '主键ID',
  `code` varchar(255) CHARACTER SET utf8mb4 COLLATE utf8mb4_general_ci DEFAULT NULL COMMENT '订单编号',
  `amount` varchar(255) CHARACTER SET utf8mb4 COLLATE utf8mb4_general_ci DEFAULT NULL COMMENT '金币数量',
  `income` varchar(255) CHARACTER SET utf8mb4 COLLATE utf8mb4_general_ci DEFAULT NULL COMMENT '所得',
  `away_user_id` bigint DEFAULT NULL COMMENT '收入用户ID',
  `away_front_balance` varchar(255) CHARACTER SET utf8mb4 COLLATE utf8mb4_general_ci DEFAULT NULL COMMENT '收入前金币数量',
  `away_after_balance` varchar(255) CHARACTER SET utf8mb4 COLLATE utf8mb4_general_ci DEFAULT NULL COMMENT '收入后金币数量',
  `out_user_id` bigint DEFAULT NULL COMMENT '支出用户ID',
  `out_front_balance` varchar(255) CHARACTER SET utf8mb4 COLLATE utf8mb4_general_ci DEFAULT NULL COMMENT '支出前金币数量',
  `out_after_balance` varchar(255) CHARACTER SET utf8mb4 COLLATE utf8mb4_general_ci DEFAULT NULL COMMENT '支出后金币数量',
  `status` int DEFAULT NULL COMMENT '类型(0:打赏 1:付费圈 2:付费贴  3:发红包  4:抢红包  5:红包退回 6签到  7:付费返利  8:赞赏)',
  `current_id` bigint DEFAULT NULL COMMENT '通用ID(圈子ID/帖子ID或其他关联ID)',
  `time` datetime DEFAULT NULL COMMENT '时间',
  PRIMARY KEY (`id`)
) ENGINE=InnoDB AUTO_INCREMENT=81 DEFAULT CHARSET=utf8mb4 COLLATE=utf8mb4_general_ci COMMENT='金币流水';

-- ----------------------------
-- Records of tb_flow_record
-- ----------------------------
BEGIN;
INSERT INTO `tb_flow_record` (`id`, `code`, `amount`, `income`, `away_user_id`, `away_front_balance`, `away_after_balance`, `out_user_id`, `out_front_balance`, `out_after_balance`, `status`, `current_id`, `time`) VALUES (1, 'WT_CODE_PR0u2xgkSL', '10.00', '2.00', 10000031, '208.00', '210.00', 10000000, '100.00', '90.00', 7, 481, '2024-01-16 13:52:10');
INSERT INTO `tb_flow_record` (`id`, `code`, `amount`, `income`, `away_user_id`, `away_front_balance`, `away_after_balance`, `out_user_id`, `out_front_balance`, `out_after_balance`, `status`, `current_id`, `time`) VALUES (11, 'WT_CODE_A0Q1553w6v', '10.00', '8.00', 1, '0.80', '8.80', 10000051, '100.00', '90.00', 2, 481, '2024-01-16 13:52:10');
INSERT INTO `tb_flow_record` (`id`, `code`, `amount`, `income`, `away_user_id`, `away_front_balance`, `away_after_balance`, `out_user_id`, `out_front_balance`, `out_after_balance`, `status`, `current_id`, `time`) VALUES (31, 'WT_CODE_B0nITCI421', '10', '10', 1, '8.80', '18.80', 10000000, '90.00', '80.00', 8, 481, '2024-01-16 14:05:22');
INSERT INTO `tb_flow_record` (`id`, `code`, `amount`, `income`, `away_user_id`, `away_front_balance`, `away_after_balance`, `out_user_id`, `out_front_balance`, `out_after_balance`, `status`, `current_id`, `time`) VALUES (41, 'WT_CODE_6LQt14S19Y', '2', '2', 1, '6.00', '8.00', 0, NULL, NULL, 6, 171, '2024-01-17 13:56:48');
INSERT INTO `tb_flow_record` (`id`, `code`, `amount`, `income`, `away_user_id`, `away_front_balance`, `away_after_balance`, `out_user_id`, `out_front_balance`, `out_after_balance`, `status`, `current_id`, `time`) VALUES (51, 'WT_CODE_72rw5q2401', '1', '1', 1, '8.00', '9.00', 0, NULL, NULL, 6, 181, '2024-01-18 11:10:22');
INSERT INTO `tb_flow_record` (`id`, `code`, `amount`, `income`, `away_user_id`, `away_front_balance`, `away_after_balance`, `out_user_id`, `out_front_balance`, `out_after_balance`, `status`, `current_id`, `time`) VALUES (61, 'WT_CODE_l9Z3859PaT', '2', '2', 1, '9.00', '11.00', 0, NULL, NULL, 6, 191, '2024-01-19 10:17:51');
INSERT INTO `tb_flow_record` (`id`, `code`, `amount`, `income`, `away_user_id`, `away_front_balance`, `away_after_balance`, `out_user_id`, `out_front_balance`, `out_after_balance`, `status`, `current_id`, `time`) VALUES (71, 'WT_CODE_8yTQ90m069', '2', '2', 1, '11.00', '13.00', 0, NULL, NULL, 6, 201, '2024-01-23 15:54:50');
COMMIT;

-- ----------------------------
-- Table structure for tb_follow
-- ----------------------------
DROP TABLE IF EXISTS `tb_follow`;
CREATE TABLE `tb_follow` (
  `id` bigint NOT NULL AUTO_INCREMENT COMMENT 'ID',
  `from_user` bigint DEFAULT NULL COMMENT '关注用户id',
  `to_user` bigint DEFAULT NULL COMMENT '被关注用户id',
  `create_time` datetime DEFAULT NULL COMMENT '关注时间',
  PRIMARY KEY (`id`) USING BTREE,
  KEY `id` (`from_user`,`to_user`) USING BTREE
) ENGINE=InnoDB AUTO_INCREMENT=221 DEFAULT CHARSET=utf8mb3 COLLATE=utf8_bin COMMENT='关注表';

-- ----------------------------
-- Records of tb_follow
-- ----------------------------
BEGIN;
INSERT INTO `tb_follow` (`id`, `from_user`, `to_user`, `create_time`) VALUES (1, 1, 11, '2023-12-01 10:33:25');
INSERT INTO `tb_follow` (`id`, `from_user`, `to_user`, `create_time`) VALUES (31, 1, 10000031, '2023-12-16 18:04:37');
INSERT INTO `tb_follow` (`id`, `from_user`, `to_user`, `create_time`) VALUES (61, 10000061, 1, '2023-12-21 15:15:08');
INSERT INTO `tb_follow` (`id`, `from_user`, `to_user`, `create_time`) VALUES (121, 1, 10000041, '2023-12-25 11:14:09');
INSERT INTO `tb_follow` (`id`, `from_user`, `to_user`, `create_time`) VALUES (141, 10000071, 1, '2023-12-29 22:51:32');
INSERT INTO `tb_follow` (`id`, `from_user`, `to_user`, `create_time`) VALUES (151, 1, 10000071, '2024-01-04 17:07:46');
INSERT INTO `tb_follow` (`id`, `from_user`, `to_user`, `create_time`) VALUES (171, 10000001, 10000001, '2024-01-05 18:47:29');
INSERT INTO `tb_follow` (`id`, `from_user`, `to_user`, `create_time`) VALUES (181, 1, 10000000, '2024-01-05 20:56:38');
INSERT INTO `tb_follow` (`id`, `from_user`, `to_user`, `create_time`) VALUES (191, 10000000, 1, '2024-01-11 15:04:38');
INSERT INTO `tb_follow` (`id`, `from_user`, `to_user`, `create_time`) VALUES (211, 10000000, 10000000, '2024-01-12 14:43:00');
COMMIT;

-- ----------------------------
-- Table structure for tb_mail_code
-- ----------------------------
DROP TABLE IF EXISTS `tb_mail_code`;
CREATE TABLE `tb_mail_code` (
  `id` bigint NOT NULL AUTO_INCREMENT COMMENT '主键ID',
  `user_mail` varchar(255) CHARACTER SET utf8mb4 COLLATE utf8mb4_general_ci DEFAULT NULL COMMENT '邮箱',
  `mail_code` varchar(255) CHARACTER SET utf8mb4 COLLATE utf8mb4_general_ci DEFAULT NULL COMMENT '验证码',
  `type` int DEFAULT NULL COMMENT '是否已使用(0:未使用  1:已使用)',
  `status` int DEFAULT NULL COMMENT '验证码类型(1:注册  2:提现)',
  `expire_time` datetime DEFAULT NULL COMMENT '验证码过期时间',
  PRIMARY KEY (`id`)
) ENGINE=InnoDB AUTO_INCREMENT=61 DEFAULT CHARSET=utf8mb4 COLLATE=utf8mb4_general_ci COMMENT='邮箱验证码';

-- ----------------------------
-- Records of tb_mail_code
-- ----------------------------
BEGIN;
INSERT INTO `tb_mail_code` (`id`, `user_mail`, `mail_code`, `type`, `status`, `expire_time`) VALUES (11, NULL, '6090', 0, 1, '2023-11-27 14:42:47');
INSERT INTO `tb_mail_code` (`id`, `user_mail`, `mail_code`, `type`, `status`, `expire_time`) VALUES (21, '706902861@qq.com', '1751', 1, 1, '2023-11-27 16:31:41');
INSERT INTO `tb_mail_code` (`id`, `user_mail`, `mail_code`, `type`, `status`, `expire_time`) VALUES (31, '706902861@qq.com', '2474', 1, 1, '2023-11-27 16:33:23');
INSERT INTO `tb_mail_code` (`id`, `user_mail`, `mail_code`, `type`, `status`, `expire_time`) VALUES (41, '706902861@qq.com', '8844', 1, 1, '2023-11-27 16:36:48');
INSERT INTO `tb_mail_code` (`id`, `user_mail`, `mail_code`, `type`, `status`, `expire_time`) VALUES (51, '706902861@qq.com', '3846', 0, 1, '2023-11-27 16:37:29');
COMMIT;

-- ----------------------------
-- Table structure for tb_mail_config
-- ----------------------------
DROP TABLE IF EXISTS `tb_mail_config`;
CREATE TABLE `tb_mail_config` (
  `id` bigint NOT NULL AUTO_INCREMENT COMMENT '主键ID',
  `sending_smtp` varchar(255) CHARACTER SET utf8mb4 COLLATE utf8mb4_general_ci DEFAULT NULL COMMENT '发送邮箱服务器地址',
  `port_smtp` varchar(255) CHARACTER SET utf8mb4 COLLATE utf8mb4_general_ci DEFAULT NULL COMMENT '发送邮箱端口',
  `user_name` varchar(255) CHARACTER SET utf8mb4 COLLATE utf8mb4_general_ci DEFAULT NULL COMMENT '发送邮箱地址',
  `password` varchar(255) CHARACTER SET utf8mb4 COLLATE utf8mb4_general_ci DEFAULT NULL COMMENT '邮箱授权码',
  `status` int DEFAULT NULL COMMENT '是否使用(1:使用  2:关闭)',
  `time` datetime DEFAULT NULL COMMENT '时间',
  PRIMARY KEY (`id`)
) ENGINE=InnoDB AUTO_INCREMENT=1728970616065323011 DEFAULT CHARSET=utf8mb4 COLLATE=utf8mb4_general_ci COMMENT='邮箱发送设置类';

-- ----------------------------
-- Records of tb_mail_config
-- ----------------------------
BEGIN;
INSERT INTO `tb_mail_config` (`id`, `sending_smtp`, `port_smtp`, `user_name`, `password`, `status`, `time`) VALUES (1728970616065323010, 'smtp.qq.com', '25', '706902861@qq.com', 'yikixgkqmgewbbgc', 1, '2023-11-27 10:55:02');
COMMIT;

-- ----------------------------
-- Table structure for tb_pay_config
-- ----------------------------
DROP TABLE IF EXISTS `tb_pay_config`;
CREATE TABLE `tb_pay_config` (
  `id` bigint NOT NULL AUTO_INCREMENT COMMENT '主键ID',
  `merchants_name` varchar(255) CHARACTER SET utf8mb4 COLLATE utf8mb4_general_ci DEFAULT NULL COMMENT '商户名称',
  `pay_name` varchar(255) CHARACTER SET utf8mb4 COLLATE utf8mb4_general_ci DEFAULT NULL COMMENT '支付公司名称(例:支付宝,微信,汇付等)',
  `pey_type` int DEFAULT NULL COMMENT '支付类型(1:支付宝  2:微信)',
  `pay_source` int DEFAULT NULL COMMENT '通道来源(1:原生通道  2:三方通道)',
  `pey_status` int DEFAULT NULL COMMENT '拉起方式(1:APP  2:H5  3:小程序  4:公众号支付)',
  `status` int DEFAULT NULL COMMENT '是否开启(1:开启  2:关闭)',
  `configuration_json` text CHARACTER SET utf8mb4 COLLATE utf8mb4_general_ci COMMENT '支付配置,如商户号,私钥,秘钥,公钥(以json字符串的格式填写{ "key": "", "mch":"" })',
  `remark` varchar(255) CHARACTER SET utf8mb4 COLLATE utf8mb4_general_ci DEFAULT NULL COMMENT '备注(支付通道的对接注意事项以及使用说明)',
  `show_name` varchar(255) CHARACTER SET utf8mb4 COLLATE utf8mb4_general_ci DEFAULT NULL COMMENT '页面显示名称(如支付宝H5,微信H5等)',
  `call_name` varchar(255) CHARACTER SET utf8mb4 COLLATE utf8mb4_general_ci NOT NULL COMMENT '调用名称(通道调用名称)',
  `time` datetime DEFAULT NULL COMMENT '创建时间',
  PRIMARY KEY (`id`)
) ENGINE=InnoDB AUTO_INCREMENT=1723266064364126231 DEFAULT CHARSET=utf8mb4 COLLATE=utf8mb4_general_ci COMMENT='支付配置表';

-- ----------------------------
-- Records of tb_pay_config
-- ----------------------------
BEGIN;
INSERT INTO `tb_pay_config` (`id`, `merchants_name`, `pay_name`, `pey_type`, `pay_source`, `pey_status`, `status`, `configuration_json`, `remark`, `show_name`, `call_name`, `time`) VALUES (1723265963273011201, '微信官方H5支付', '微信', 2, 1, 2, 1, '{\"merchantId\":\"1665569268\",\"appId\":\"wx8b9f0b52af2c413b\",\"notifyUrl\":\"https://2v02f90608.oicp.vip/api/wx_h5_notify\",\"appSecret\":\"hyuS18D3tWwjfJr8mCmPfdSD5lHekXtT\"}', 'appId:微信APPID,merchantId:商户号,notifyUrl:回调地址,appSecret:商户私钥', '微信', 'WX_H5_PAY', '2023-11-13 10:01:35');
INSERT INTO `tb_pay_config` (`id`, `merchants_name`, `pay_name`, `pey_type`, `pay_source`, `pey_status`, `status`, `configuration_json`, `remark`, `show_name`, `call_name`, `time`) VALUES (1723266064364126210, '支付宝官方H5支付', '支付宝', 1, 1, 2, 1, '{\"appId\":\"2021004132614168\",\"privateKey\":\"MIIEvQIBADANBgkqhkiG9w0BAQEFAASCBKcwggSjAgEAAoIBAQC/+yfKqsIW0Uz5j43M7S9iQ7JRZkG8qyE9cMxtscKMRGPorQ4Om9eATGBrXD5f00YDXjaLnKcEZb9Q9ZI17L6knxKdiRA8+fPaYGfjghMIOL0CkOFZUjgmw8AonEgfkcJmxdlcnNGRYHHbDE5Pu/rQt7bdBDqThvDUOprwXL3e0OMcwnGqp7uNhPXTfiydby4TjbnvYk9PeyHBvYjdFLdbZE6gx94Cbx6jw7B/NyvyzYnonUKunHg9W94OrbAufaPoiw6iHL83AZYAdnvYbK+iyK0XhDQldiPmCvu0Lj3JH7u+/LYkoiqyeTO0gN1qlqVxl58GU7oeCRFtc5+CA76tAgMBAAECggEAAJF7wqvSu0KPWcXFA7BIDaBprLgCxc4z4PyufjyieMvTB+NLQVvQvX58YpT5UktLz8K9opgqHmc2s8SmVCaJQe9+nJzFQYjz4debNx8xczrHxHQtVphZtjOqI/SiegVyb99yD0YfkLCaZa2Zpb7GtUt17R2QFtO1bstlngSIQ1qVnrJNXsfnmheJ22KY1mJNy8n1yfxGL0jnWz/cjhy3gAs2JUv9oWUp59nvW3YchIGmnBa/Joiqzd07lAkeq8JMHbdfvRHPvZrjg/Re6wcnerZLf/KuCGptUEr8dc3ua9Rwqe/DVBYP4hpaUseCcc69ev9gU+Hua1vdjxlEmV54uQKBgQD8Xwi49H6iQPYi0hAaxAH01lB5+OGqmv9lMN/OBTNBx+2yJRLT5ioyEg55huxtaoeCjyE2uG6/JMHIU5Ur9ZbwzrHggdOvYYsi2O7Hd18pcrPvDolIOrVs0F+Y2IlgIgq/9gzz3uePUYmRb/meGQZNMrl2TKlpm06HuxsNjPLKXwKBgQDCvdQGdSNQueX8A3hVLF/KRXqCA51zJIgWGH76N9oNpP+ZLFoVejtKPXbrOvj1I8M8egECWrUxzARjO36DEAksfCu2xyWu9E1iNOBI92PykgdEUAA5pYcCq7Ty+CiG4AHbniWDIZWy6dyY2y6KHdsuXWhJX5dxHhBrZLf6rwjqcwKBgQCy2fLHiNYZzOnigXZSUaiFSEDeQAhFrPTkVL+3NK4/px2IC4gNTeeHdo51h64UWNPSLfc+3XP22GjQvJNSBQlEfWdIERnhB8LgHlcSW0HAkP59o5Kc8qZSiFXHb2XkEBwIMKq7RbRbOFDDFlUTuu5hVVpkQS4qnpsHzAz/DG2gBwKBgC3r0XmMWb2JeKAKuW9sPVJXO+I4tAIY1TZQpHCghvy8scEO4lc6MYz6HXauu1IjEsDKDD7f4OZTM52qw9RoDaG9zhkVsN8moLDNwy2xmJH0uV30d3kgfUu17b91oSjc3dNJ4ZKgcspztx8cYEcVbz/pqtPShMWZz0ljwLaOW83dAoGAVPBJ6anJNTv03YDvUpRvw2rT6B5lXQpRcELIiwYN1dIkS6+IvG7GkdNTFHiUCjsUkWfjrVvp7bQat0wQje/y6GN/gIvAx4gnxiDr5xN42y1Bp4wCC75LBbk39s5FIr9gKbLdPVng2ZB6QdxoT1TZPbsIKtVAeR0pY851ymlglAs=\",\"publicKey\": \"MIIBIjANBgkqhkiG9w0BAQEFAAOCAQ8AMIIBCgKCAQEAjpl8qFN4AKOoE+yg25KBZ79dTOA7e2y6TrsnZC5Mcdtre3quS3PU0RxtJWTBO0UQ7E/SvcwdwNHaoVdbESDzFx8zyIhdshhAWEeikTtYFvDgB7Ad1LRTuPC95AIu8r2vmggcsp1MTQOtwT0m48CUa+t1OsS3geromRI5WXthCobrG9+jvck0iKwG0C7lW1k+u9hiulSbbq4wiNpq4ov0ZrgssHB0f+7Oq13pcHmJ+Ts+zmZb9FLZ5VHAcw0sy1g1Iffya2rQJ6vPG1m8vyCZodSjGALmGAvB7yhfgRt7TNMwYolt+4xc4eisZllHvtaJNCBzvsLjsT90oouKHU1wPwIDAQAB\",\"notifyUrl\": \"https://2v02f90608.oicp.vip/api/ali_h5_notify\",\"payUrl\": \"https://openapi.alipay.com/gateway.do\",\"returnUrl\":\"https://cli.im/text\"}', 'appId:支付宝应用APPID,privateKey:商户私钥,publicKey:商户公钥,notifyUrl:回调地址,payUrl:支付网关,returnUrl:支付完成后跳转地址', '支付宝', 'ALI_H5_PAY', '2023-11-13 10:01:35');
INSERT INTO `tb_pay_config` (`id`, `merchants_name`, `pay_name`, `pey_type`, `pay_source`, `pey_status`, `status`, `configuration_json`, `remark`, `show_name`, `call_name`, `time`) VALUES (1723266064364126211, '其他H5支付', '其他', 2, 2, 2, 2, '{\"appId\":\"2021003190632259\",\"privateKey\":\"MIIEvgIBADANBgkqhkiG9w0BAQEFAASCBKgwggSkAgEAAoIBAQDcnKyYpGjPOrbmnH2RiKh39GXNkNN99cXZ9US0Sb3c3Hk9F9kpNBvfrAR8O9fpx1Xac7ahvvjoCdSMaqdlh30Ms4kWfSuw5ObdlDyW2BNLsOL9i4iIsmaGUJqClu2Tpc010OOmH3ag89tRyVO2wqxjmoMXy3tjOkxMCFmitPw+Sku04zDTWQe3yxpfeHv3e0oDuBz3LFRGu5TsmMQoZIbDmo8yqBwj22N7hsJcUqJ9FMghSkZfNPUXgf6lj+JTd1z+Mu/ZGBAbXeUmOHm6XLcFLegsmgAQIcZk6JFeJuULQ1GDHOBdkwQ91CNgnDtTOn9ad/ybu39XLkbe4wKFDMRFAgMBAAECggEBAMKl+iMz7MXrKDWRHbmqufocyTX28qPQliEZJuVrqvmUDeS5hgG02GMhg1OZ+YdrOXTlY96SgUs6YS8Da29JfCwYvHv7NPF/BbO7dzogq+W8zIqo8m6p+YvI0osmX7hGMimphTKt0B1zC6+90v8OBMxdKA12nAeRCICNXYkR5v2NLC5mKyrR0lMGY4G0oa5JysYvfnlBRBjc9I42SG98RF4aAvqY/Sz1pAXxM/leL+/d3NQ3QZhTV3PRMsG8ICiGd4VH8UPpTTQdXZ9siPOU6YRYud5iQ4XHQYVSd+riKVy+FBJIhrUGLHsL96SrAXcVEnK8uKZp6r6TlvcakjXfBoECgYEA+Oi9O0ZEALGeDTsy5pmwEeWvITS/XgnY13V1oHKEZPsp/VU+3rmdbJPMPt0F1/J+jq06ZHPr2AhdQzGA9TZFrhvu52f4NNVO7++vj3xCn2yP1PFlyXS/IfRpo5XlXItUoSTHqWZC1jfa0fxZPmIgmDzbP8jj21Aip6qq43g4crsCgYEA4uWRX977QYNN0b7etxI7dB1+aIY3a/4e5BeaU5HexN8dQyVl4E+GSIcDyN6QeAbFfIaINN6Vi9B8ihFjoyQbTIMQpe2JLyeNZEwqYhiRiK3/+lYjfNcfdTUMC6/F5/20GrDxOc9yUN57JdMttdBGfK+bsgruzIIGAFfXvluFtP8CgYB9Taz1ignxz3ihcIvPSs84M0hWjxdHX+2piZgNjZjYvRgGUEO2G/sEDeNkQiAO9iR/7vTWXQT9XDiW+vTQfOHXJHjARbbN4hQ69Y6LzSI834oIyP1UzVDq5v/HOk6cqAeSl9Frle9PqA6gZ0kF/qAqA3jcQ2VxooXPojslCABiwQKBgQCPQyw7QGucve9Q1BeDuDtZ4ZWDIdu0kEuo8U48HgpufAHZ968Ppqa+/KDjH8RQRNZE/hzaZQA/u3AnLTugMpgaA1drrUPFRk/8WCsarTCXAGZ0Bhd6J8pxEwF8D4wCIyqo/7gQLG+dqBxRkbl25v7ak3bXQBfvgNmRNeW/B8KwuQKBgEyF3scfz2qzBCePqL6xznQbK95+mHptFyFjiVs84qzG8kxKfcJA3iB2JzEwWz+oY4E3SgKqOzi0R7rnM2rd8EWICP/vU0j9Xjj+XpXoZaGOJh9BBDSddZzrpvCR9vd+bveWqEiV//YNzuPVmbktdUzPEr+vrObR3g8tLYe/9YXI\",\"publicKey\": \"MIIBIjANBgkqhkiG9w0BAQEFAAOCAQ8AMIIBCgKCAQEAhijf1whh58yRENr+AwID60qWL7SNG9q9jfHrLqUnxfE50bnpp1pwKE1+El3ZUZVHEaEZP5y0Ll9xpPPzryx32N/DOqPZUONu8SS034sh2e80D0AwpOcx7xSFERfJXjAAm35XLCAlYSjwIkfzy7xdTROPvs7HFn5nazpieCr5MhY/3xJhuS7RDcBwN0K3c5UhWLnf22BTmzqdA7zpr3oMEJY5yw1ImDDnNj89kEJo29JghIsFGORT1QS1JQ7qUsaJA1Hu5GYJelmQGyoEsBr9tHjpolVOdKbaCuhdPt4N1ADcpfDdp2zDwmV7fEZwbp6D4Ugp2RcU2btAk2+Ioh4irwIDAQAB\",\"notifyUrl\": \"https://2v02f90608.oicp.vip/api/ali_h5_notify\",\"payUrl\": \"https://openapi.alipay.com/gateway.do\",\"returnUrl\":\"https://cli.im/text\"}', 'appId:支付宝应用APPID,privateKey:商户私钥,publicKey:商户公钥,notifyUrl:回调地址,payUrl:支付网关,returnUrl:支付完成后跳转地址', '虎皮椒', 'ALI_H5_PAY', '2023-11-13 10:01:35');
INSERT INTO `tb_pay_config` (`id`, `merchants_name`, `pay_name`, `pey_type`, `pay_source`, `pey_status`, `status`, `configuration_json`, `remark`, `show_name`, `call_name`, `time`) VALUES (1723266064364126212, '其他H5支付', '其他', 2, 2, 2, 2, '{\"appId\":\"2021003190632259\",\"privateKey\":\"MIIEvgIBADANBgkqhkiG9w0BAQEFAASCBKgwggSkAgEAAoIBAQDcnKyYpGjPOrbmnH2RiKh39GXNkNN99cXZ9US0Sb3c3Hk9F9kpNBvfrAR8O9fpx1Xac7ahvvjoCdSMaqdlh30Ms4kWfSuw5ObdlDyW2BNLsOL9i4iIsmaGUJqClu2Tpc010OOmH3ag89tRyVO2wqxjmoMXy3tjOkxMCFmitPw+Sku04zDTWQe3yxpfeHv3e0oDuBz3LFRGu5TsmMQoZIbDmo8yqBwj22N7hsJcUqJ9FMghSkZfNPUXgf6lj+JTd1z+Mu/ZGBAbXeUmOHm6XLcFLegsmgAQIcZk6JFeJuULQ1GDHOBdkwQ91CNgnDtTOn9ad/ybu39XLkbe4wKFDMRFAgMBAAECggEBAMKl+iMz7MXrKDWRHbmqufocyTX28qPQliEZJuVrqvmUDeS5hgG02GMhg1OZ+YdrOXTlY96SgUs6YS8Da29JfCwYvHv7NPF/BbO7dzogq+W8zIqo8m6p+YvI0osmX7hGMimphTKt0B1zC6+90v8OBMxdKA12nAeRCICNXYkR5v2NLC5mKyrR0lMGY4G0oa5JysYvfnlBRBjc9I42SG98RF4aAvqY/Sz1pAXxM/leL+/d3NQ3QZhTV3PRMsG8ICiGd4VH8UPpTTQdXZ9siPOU6YRYud5iQ4XHQYVSd+riKVy+FBJIhrUGLHsL96SrAXcVEnK8uKZp6r6TlvcakjXfBoECgYEA+Oi9O0ZEALGeDTsy5pmwEeWvITS/XgnY13V1oHKEZPsp/VU+3rmdbJPMPt0F1/J+jq06ZHPr2AhdQzGA9TZFrhvu52f4NNVO7++vj3xCn2yP1PFlyXS/IfRpo5XlXItUoSTHqWZC1jfa0fxZPmIgmDzbP8jj21Aip6qq43g4crsCgYEA4uWRX977QYNN0b7etxI7dB1+aIY3a/4e5BeaU5HexN8dQyVl4E+GSIcDyN6QeAbFfIaINN6Vi9B8ihFjoyQbTIMQpe2JLyeNZEwqYhiRiK3/+lYjfNcfdTUMC6/F5/20GrDxOc9yUN57JdMttdBGfK+bsgruzIIGAFfXvluFtP8CgYB9Taz1ignxz3ihcIvPSs84M0hWjxdHX+2piZgNjZjYvRgGUEO2G/sEDeNkQiAO9iR/7vTWXQT9XDiW+vTQfOHXJHjARbbN4hQ69Y6LzSI834oIyP1UzVDq5v/HOk6cqAeSl9Frle9PqA6gZ0kF/qAqA3jcQ2VxooXPojslCABiwQKBgQCPQyw7QGucve9Q1BeDuDtZ4ZWDIdu0kEuo8U48HgpufAHZ968Ppqa+/KDjH8RQRNZE/hzaZQA/u3AnLTugMpgaA1drrUPFRk/8WCsarTCXAGZ0Bhd6J8pxEwF8D4wCIyqo/7gQLG+dqBxRkbl25v7ak3bXQBfvgNmRNeW/B8KwuQKBgEyF3scfz2qzBCePqL6xznQbK95+mHptFyFjiVs84qzG8kxKfcJA3iB2JzEwWz+oY4E3SgKqOzi0R7rnM2rd8EWICP/vU0j9Xjj+XpXoZaGOJh9BBDSddZzrpvCR9vd+bveWqEiV//YNzuPVmbktdUzPEr+vrObR3g8tLYe/9YXI\",\"publicKey\": \"MIIBIjANBgkqhkiG9w0BAQEFAAOCAQ8AMIIBCgKCAQEAhijf1whh58yRENr+AwID60qWL7SNG9q9jfHrLqUnxfE50bnpp1pwKE1+El3ZUZVHEaEZP5y0Ll9xpPPzryx32N/DOqPZUONu8SS034sh2e80D0AwpOcx7xSFERfJXjAAm35XLCAlYSjwIkfzy7xdTROPvs7HFn5nazpieCr5MhY/3xJhuS7RDcBwN0K3c5UhWLnf22BTmzqdA7zpr3oMEJY5yw1ImDDnNj89kEJo29JghIsFGORT1QS1JQ7qUsaJA1Hu5GYJelmQGyoEsBr9tHjpolVOdKbaCuhdPt4N1ADcpfDdp2zDwmV7fEZwbp6D4Ugp2RcU2btAk2+Ioh4irwIDAQAB\",\"notifyUrl\": \"https://2v02f90608.oicp.vip/api/ali_h5_notify\",\"payUrl\": \"https://openapi.alipay.com/gateway.do\",\"returnUrl\":\"https://cli.im/text\"}', 'appId:支付宝应用APPID,privateKey:商户私钥,publicKey:商户公钥,notifyUrl:回调地址,payUrl:支付网关,returnUrl:支付完成后跳转地址', '虎皮椒', 'ALI_H5_PAY', '2023-11-13 10:01:35');
INSERT INTO `tb_pay_config` (`id`, `merchants_name`, `pay_name`, `pey_type`, `pay_source`, `pey_status`, `status`, `configuration_json`, `remark`, `show_name`, `call_name`, `time`) VALUES (1723266064364126221, '摸摸鱼', '微信官方小程序JSAPI支付', 2, 1, 3, 1, '{\"merchantId\":\"1665569268\",\"appId\":\"wx8b9f0b52af2c413b\",\"notifyUrl\":\"https://2v02f90608.oicp.vip/api/wx_xcx_notify\",\"appSecret\":\"hyuS18D3tWwjfJr8mCmPfdSD5lHekXtT\"}', '微信官方原生小程序支付,仅用于小程序支付', '微信小程序', 'WX_XCX_PAY', '2024-01-19 16:27:49');
INSERT INTO `tb_pay_config` (`id`, `merchants_name`, `pay_name`, `pey_type`, `pay_source`, `pey_status`, `status`, `configuration_json`, `remark`, `show_name`, `call_name`, `time`) VALUES (1723266064364126222, '摸摸鱼', '微信官方公众号JSAPI支付', 2, 1, 4, 1, '{\"merchantId\":\"1634640368\",\"appId\":\"wxfc416f6ef3fb9685\",\"notifyUrl\":\"https://2v02f90608.oicp.vip/api/wx_gzh_notify\",\"appSecret\":\"hyuS18D3tWwjfJr8mCmPfdSD5lHekXtT\"}', '微信官方原生公众号支付,仅用于公众号支付', '微信公众号', 'WX_GZH_PAY', '2024-01-19 16:27:49');
COMMIT;

-- ----------------------------
-- Table structure for tb_pay_order
-- ----------------------------
DROP TABLE IF EXISTS `tb_pay_order`;
CREATE TABLE `tb_pay_order` (
  `id` bigint NOT NULL AUTO_INCREMENT COMMENT '主键ID',
  `user_id` bigint DEFAULT NULL COMMENT '用户ID',
  `user_name` varchar(255) CHARACTER SET utf8mb4 COLLATE utf8mb4_general_ci DEFAULT NULL COMMENT '充值用户昵称',
  `commodity_name` varchar(255) CHARACTER SET utf8mb4 COLLATE utf8mb4_general_ci DEFAULT NULL COMMENT '充值商品名称',
  `commodity_type` int DEFAULT NULL COMMENT '充值商品类型(1:钻石  2:VIP)',
  `commodity_specification` varchar(255) CHARACTER SET utf8mb4 COLLATE utf8mb4_general_ci DEFAULT NULL COMMENT '商品规格(钻石是数量  VIP是天数)',
  `pey_type` int DEFAULT NULL COMMENT '支付类型(1:支付宝  2:微信)',
  `pey_status` int DEFAULT NULL COMMENT '拉起方式(1:APP  2:H5  3:小程序)',
  `order_code` varchar(255) CHARACTER SET utf8mb4 COLLATE utf8mb4_general_ci DEFAULT NULL COMMENT '平台订单号',
  `trilateral_code` varchar(255) CHARACTER SET utf8mb4 COLLATE utf8mb4_general_ci DEFAULT NULL COMMENT '三方支付订单号(查账订单号)',
  `recharge_amount` decimal(10,2) DEFAULT NULL COMMENT '充值金额(元)',
  `order_type` int DEFAULT NULL COMMENT '订单支付状态(0:订单创建  1:支付成功  2:支付失败  3:订单超时)',
  `found_time` datetime DEFAULT NULL COMMENT '订单创建时间',
  PRIMARY KEY (`id`)
) ENGINE=InnoDB AUTO_INCREMENT=951 DEFAULT CHARSET=utf8mb4 COLLATE=utf8mb4_general_ci COMMENT='充值订单表';

-- ----------------------------
-- Records of tb_pay_order
-- ----------------------------
BEGIN;
INSERT INTO `tb_pay_order` (`id`, `user_id`, `user_name`, `commodity_name`, `commodity_type`, `commodity_specification`, `pey_type`, `pey_status`, `order_code`, `trilateral_code`, `recharge_amount`, `order_type`, `found_time`) VALUES (1, 10000000, '哈试试', '一个月', 1, '30', 1, 2, 'ALI_H5_PAY_967z584m31', '2023121322001494471427043633', 1.00, 1, '2023-12-13 11:31:33');
INSERT INTO `tb_pay_order` (`id`, `user_id`, `user_name`, `commodity_name`, `commodity_type`, `commodity_specification`, `pey_type`, `pey_status`, `order_code`, `trilateral_code`, `recharge_amount`, `order_type`, `found_time`) VALUES (2, 10000000, '哈试试', '1', 2, '10', 2, 2, 'ALI_H5_PAY_s99973Z5oZ', '', 100.00, 1, '2023-12-13 12:22:08');
INSERT INTO `tb_pay_order` (`id`, `user_id`, `user_name`, `commodity_name`, `commodity_type`, `commodity_specification`, `pey_type`, `pey_status`, `order_code`, `trilateral_code`, `recharge_amount`, `order_type`, `found_time`) VALUES (3, 10000000, '哈试试', '1个', 1, '10', 3, 2, 'ALI_H5_PAY_V82960nRga', '', 300.00, 1, '2023-12-13 12:23:56');
INSERT INTO `tb_pay_order` (`id`, `user_id`, `user_name`, `commodity_name`, `commodity_type`, `commodity_specification`, `pey_type`, `pey_status`, `order_code`, `trilateral_code`, `recharge_amount`, `order_type`, `found_time`) VALUES (4, 10000000, '奥特曼打猪', '一个月', 2, '30', 2, 2, 'WX_H5_2YjhJAx3wC', '', 1.00, 1, '2023-12-14 20:01:06');
INSERT INTO `tb_pay_order` (`id`, `user_id`, `user_name`, `commodity_name`, `commodity_type`, `commodity_specification`, `pey_type`, `pey_status`, `order_code`, `trilateral_code`, `recharge_amount`, `order_type`, `found_time`) VALUES (5, 10000000, '卷发的板凳', '一个月', 2, '30', 2, 2, 'WX_H5_x8x117X78b', '', 1.00, 1, '2023-12-21 20:13:58');
INSERT INTO `tb_pay_order` (`id`, `user_id`, `user_name`, `commodity_name`, `commodity_type`, `commodity_specification`, `pey_type`, `pey_status`, `order_code`, `trilateral_code`, `recharge_amount`, `order_type`, `found_time`) VALUES (6, 10000000, '哈试试', '一个月', 1, '30', 1, 2, 'ALI_H5_PAY_967z584m31', '2023121322001494471427043633', 1.00, 1, '2023-12-13 11:31:33');
INSERT INTO `tb_pay_order` (`id`, `user_id`, `user_name`, `commodity_name`, `commodity_type`, `commodity_specification`, `pey_type`, `pey_status`, `order_code`, `trilateral_code`, `recharge_amount`, `order_type`, `found_time`) VALUES (7, 10000000, '哈试试', '1', 2, '10', 2, 2, 'ALI_H5_PAY_s99973Z5oZ', '', 100.00, 1, '2023-12-13 12:22:08');
INSERT INTO `tb_pay_order` (`id`, `user_id`, `user_name`, `commodity_name`, `commodity_type`, `commodity_specification`, `pey_type`, `pey_status`, `order_code`, `trilateral_code`, `recharge_amount`, `order_type`, `found_time`) VALUES (8, 10000000, '哈试试', '1个', 1, '10', 3, 2, 'ALI_H5_PAY_V82960nRga', '', 300.00, 1, '2023-12-13 12:23:56');
INSERT INTO `tb_pay_order` (`id`, `user_id`, `user_name`, `commodity_name`, `commodity_type`, `commodity_specification`, `pey_type`, `pey_status`, `order_code`, `trilateral_code`, `recharge_amount`, `order_type`, `found_time`) VALUES (9, 10000000, '奥特曼打猪', '一个月', 2, '30', 2, 2, 'WX_H5_2YjhJAx3wC', '', 1.00, 1, '2023-12-14 20:01:06');
INSERT INTO `tb_pay_order` (`id`, `user_id`, `user_name`, `commodity_name`, `commodity_type`, `commodity_specification`, `pey_type`, `pey_status`, `order_code`, `trilateral_code`, `recharge_amount`, `order_type`, `found_time`) VALUES (10, 10000000, '卷发的板凳', '一个月', 2, '30', 2, 2, 'WX_H5_x8x117X78b', '', 1.00, 1, '2023-12-21 20:13:58');
INSERT INTO `tb_pay_order` (`id`, `user_id`, `user_name`, `commodity_name`, `commodity_type`, `commodity_specification`, `pey_type`, `pey_status`, `order_code`, `trilateral_code`, `recharge_amount`, `order_type`, `found_time`) VALUES (11, 10000000, '奥特曼打猪', '一个月', 2, '30', 2, 2, 'WX_H5_2YjhJAx3wC', '', 1.00, 1, '2023-12-14 20:01:06');
INSERT INTO `tb_pay_order` (`id`, `user_id`, `user_name`, `commodity_name`, `commodity_type`, `commodity_specification`, `pey_type`, `pey_status`, `order_code`, `trilateral_code`, `recharge_amount`, `order_type`, `found_time`) VALUES (12, 10000000, '卷发的板凳', '一个月', 2, '30', 2, 2, 'WX_H5_x8x117X78b', '', 1.00, 1, '2023-12-21 20:13:58');
INSERT INTO `tb_pay_order` (`id`, `user_id`, `user_name`, `commodity_name`, `commodity_type`, `commodity_specification`, `pey_type`, `pey_status`, `order_code`, `trilateral_code`, `recharge_amount`, `order_type`, `found_time`) VALUES (13, 10000000, '哈试试', '一个月', 1, '30', 1, 2, 'ALI_H5_PAY_967z584m31', '2023121322001494471427043633', 1.00, 1, '2023-12-13 11:31:33');
INSERT INTO `tb_pay_order` (`id`, `user_id`, `user_name`, `commodity_name`, `commodity_type`, `commodity_specification`, `pey_type`, `pey_status`, `order_code`, `trilateral_code`, `recharge_amount`, `order_type`, `found_time`) VALUES (14, 10000000, '哈试试', '1', 2, '10', 2, 2, 'ALI_H5_PAY_s99973Z5oZ', '', 100.00, 1, '2023-12-13 12:22:08');
INSERT INTO `tb_pay_order` (`id`, `user_id`, `user_name`, `commodity_name`, `commodity_type`, `commodity_specification`, `pey_type`, `pey_status`, `order_code`, `trilateral_code`, `recharge_amount`, `order_type`, `found_time`) VALUES (15, 10000000, '哈试试', '1个', 1, '10', 3, 2, 'ALI_H5_PAY_V82960nRga', '', 300.00, 1, '2023-12-13 12:23:56');
INSERT INTO `tb_pay_order` (`id`, `user_id`, `user_name`, `commodity_name`, `commodity_type`, `commodity_specification`, `pey_type`, `pey_status`, `order_code`, `trilateral_code`, `recharge_amount`, `order_type`, `found_time`) VALUES (16, 10000000, '奥特曼打猪', '一个月', 2, '30', 2, 2, 'WX_H5_2YjhJAx3wC', '', 1.00, 1, '2023-12-14 20:01:06');
INSERT INTO `tb_pay_order` (`id`, `user_id`, `user_name`, `commodity_name`, `commodity_type`, `commodity_specification`, `pey_type`, `pey_status`, `order_code`, `trilateral_code`, `recharge_amount`, `order_type`, `found_time`) VALUES (17, 10000000, '卷发的板凳', '一个月', 2, '30', 2, 2, 'WX_H5_x8x117X78b', '', 1.00, 1, '2023-12-21 20:13:58');
INSERT INTO `tb_pay_order` (`id`, `user_id`, `user_name`, `commodity_name`, `commodity_type`, `commodity_specification`, `pey_type`, `pey_status`, `order_code`, `trilateral_code`, `recharge_amount`, `order_type`, `found_time`) VALUES (211, 10000000, '哈试试', '一个月', 1, '30', 1, 2, 'ALI_H5_PAY_967z584m31', '2023121322001494471427043633', 1.00, 1, '2023-12-13 11:31:33');
INSERT INTO `tb_pay_order` (`id`, `user_id`, `user_name`, `commodity_name`, `commodity_type`, `commodity_specification`, `pey_type`, `pey_status`, `order_code`, `trilateral_code`, `recharge_amount`, `order_type`, `found_time`) VALUES (221, 10000000, '哈试试', '1', 2, '10', 2, 2, 'ALI_H5_PAY_s99973Z5oZ', NULL, 100.00, 0, '2023-12-13 12:22:08');
INSERT INTO `tb_pay_order` (`id`, `user_id`, `user_name`, `commodity_name`, `commodity_type`, `commodity_specification`, `pey_type`, `pey_status`, `order_code`, `trilateral_code`, `recharge_amount`, `order_type`, `found_time`) VALUES (231, 10000000, '哈试试', '1个', 1, '10', 3, 2, 'ALI_H5_PAY_V82960nRga', NULL, 300.00, 0, '2023-12-13 12:23:56');
INSERT INTO `tb_pay_order` (`id`, `user_id`, `user_name`, `commodity_name`, `commodity_type`, `commodity_specification`, `pey_type`, `pey_status`, `order_code`, `trilateral_code`, `recharge_amount`, `order_type`, `found_time`) VALUES (241, 10000000, '奥特曼打猪', '一个月', 2, '30', 2, 2, 'WX_H5_2YjhJAx3wC', NULL, 1.00, 0, '2023-12-14 20:01:06');
INSERT INTO `tb_pay_order` (`id`, `user_id`, `user_name`, `commodity_name`, `commodity_type`, `commodity_specification`, `pey_type`, `pey_status`, `order_code`, `trilateral_code`, `recharge_amount`, `order_type`, `found_time`) VALUES (251, 10000000, '卷发的板凳', '一个月', 2, '30', 2, 2, 'WX_H5_x8x117X78b', NULL, 1.00, 0, '2023-12-21 20:13:58');
INSERT INTO `tb_pay_order` (`id`, `user_id`, `user_name`, `commodity_name`, `commodity_type`, `commodity_specification`, `pey_type`, `pey_status`, `order_code`, `trilateral_code`, `recharge_amount`, `order_type`, `found_time`) VALUES (261, 10000000, '哈试试', '一个月', 2, '30', 1, 2, 'ALI_H5_PAY_bfX6Lkc7K5', NULL, 1.00, 0, '2024-01-11 15:03:52');
INSERT INTO `tb_pay_order` (`id`, `user_id`, `user_name`, `commodity_name`, `commodity_type`, `commodity_specification`, `pey_type`, `pey_status`, `order_code`, `trilateral_code`, `recharge_amount`, `order_type`, `found_time`) VALUES (271, 10000000, '哈试试', '1个', 1, '10', 2, 2, 'WX_H5_L3378kVr8z', NULL, 0.00, 0, '2024-01-13 14:20:51');
INSERT INTO `tb_pay_order` (`id`, `user_id`, `user_name`, `commodity_name`, `commodity_type`, `commodity_specification`, `pey_type`, `pey_status`, `order_code`, `trilateral_code`, `recharge_amount`, `order_type`, `found_time`) VALUES (281, 10000000, '哈试试', '1个', 1, '10', 1, 2, 'ALI_H5_PAY_VB36094602', NULL, 0.00, 0, '2024-01-13 14:21:44');
INSERT INTO `tb_pay_order` (`id`, `user_id`, `user_name`, `commodity_name`, `commodity_type`, `commodity_specification`, `pey_type`, `pey_status`, `order_code`, `trilateral_code`, `recharge_amount`, `order_type`, `found_time`) VALUES (291, 10000000, '哈试试', '10个', 1, '10', 1, 2, 'ALI_H5_PAY_9pW4h7OzM0', NULL, 0.00, 0, '2024-01-13 14:22:54');
INSERT INTO `tb_pay_order` (`id`, `user_id`, `user_name`, `commodity_name`, `commodity_type`, `commodity_specification`, `pey_type`, `pey_status`, `order_code`, `trilateral_code`, `recharge_amount`, `order_type`, `found_time`) VALUES (301, 10000000, '哈试试', '1个', 1, '10', 1, 2, 'ALI_H5_PAY_KYJPKE9b8z', '2024011322001494471430970898', 0.00, 1, '2024-01-13 14:26:11');
INSERT INTO `tb_pay_order` (`id`, `user_id`, `user_name`, `commodity_name`, `commodity_type`, `commodity_specification`, `pey_type`, `pey_status`, `order_code`, `trilateral_code`, `recharge_amount`, `order_type`, `found_time`) VALUES (311, 10000000, '哈试试', '1个', 1, '10', 2, 2, 'WX_H5_7F8vRlhrw2', NULL, 0.00, 0, '2024-01-13 14:30:12');
INSERT INTO `tb_pay_order` (`id`, `user_id`, `user_name`, `commodity_name`, `commodity_type`, `commodity_specification`, `pey_type`, `pey_status`, `order_code`, `trilateral_code`, `recharge_amount`, `order_type`, `found_time`) VALUES (321, 10000000, '哈试试', '10个', 1, '100', 2, 2, 'WX_H5_08333T3571', NULL, 0.00, 0, '2024-01-13 14:30:43');
INSERT INTO `tb_pay_order` (`id`, `user_id`, `user_name`, `commodity_name`, `commodity_type`, `commodity_specification`, `pey_type`, `pey_status`, `order_code`, `trilateral_code`, `recharge_amount`, `order_type`, `found_time`) VALUES (331, 10000000, '哈试试', '10个', 1, '100', 2, 2, 'WX_H5_5x3h5451qZ', NULL, 0.00, 0, '2024-01-13 14:32:16');
INSERT INTO `tb_pay_order` (`id`, `user_id`, `user_name`, `commodity_name`, `commodity_type`, `commodity_specification`, `pey_type`, `pey_status`, `order_code`, `trilateral_code`, `recharge_amount`, `order_type`, `found_time`) VALUES (341, 10000000, '哈试试', '10个', 1, '100', 2, 2, 'WX_H5_y9FxsE1JbK', NULL, 0.00, 0, '2024-01-13 14:33:37');
INSERT INTO `tb_pay_order` (`id`, `user_id`, `user_name`, `commodity_name`, `commodity_type`, `commodity_specification`, `pey_type`, `pey_status`, `order_code`, `trilateral_code`, `recharge_amount`, `order_type`, `found_time`) VALUES (351, 10000000, '哈试试', '10个', 1, '100', 1, 2, 'ALI_H5_PAY_4Ej6QSUX0L', '2024011322001494471430500524', 0.00, 1, '2024-01-13 14:34:42');
INSERT INTO `tb_pay_order` (`id`, `user_id`, `user_name`, `commodity_name`, `commodity_type`, `commodity_specification`, `pey_type`, `pey_status`, `order_code`, `trilateral_code`, `recharge_amount`, `order_type`, `found_time`) VALUES (361, 10000000, '哈试试', '10个', 1, '100', 1, 2, 'ALI_H5_PAY_whI6LC3q45', NULL, 0.10, 0, '2024-01-13 14:55:33');
INSERT INTO `tb_pay_order` (`id`, `user_id`, `user_name`, `commodity_name`, `commodity_type`, `commodity_specification`, `pey_type`, `pey_status`, `order_code`, `trilateral_code`, `recharge_amount`, `order_type`, `found_time`) VALUES (371, 10000000, '哈试试', '10个', 1, '100', 1, 2, 'ALI_H5_PAY_22392Y9y89', '2024011322001494471429763019', 0.10, 1, '2024-01-13 14:56:30');
INSERT INTO `tb_pay_order` (`id`, `user_id`, `user_name`, `commodity_name`, `commodity_type`, `commodity_specification`, `pey_type`, `pey_status`, `order_code`, `trilateral_code`, `recharge_amount`, `order_type`, `found_time`) VALUES (381, 10000000, '哈试试', '10个', 1, '100', 1, 2, 'ALI_H5_PAY_l68e5q4zv3', '2024011322001494471430786498', 0.20, 1, '2024-01-13 14:59:09');
INSERT INTO `tb_pay_order` (`id`, `user_id`, `user_name`, `commodity_name`, `commodity_type`, `commodity_specification`, `pey_type`, `pey_status`, `order_code`, `trilateral_code`, `recharge_amount`, `order_type`, `found_time`) VALUES (391, 10000091, '斯文的新司机', '3个月', 2, '90', 2, 3, 'WX_XCX_7XI8D91Gw9', NULL, 0.10, 0, '2024-01-22 11:25:43');
INSERT INTO `tb_pay_order` (`id`, `user_id`, `user_name`, `commodity_name`, `commodity_type`, `commodity_specification`, `pey_type`, `pey_status`, `order_code`, `trilateral_code`, `recharge_amount`, `order_type`, `found_time`) VALUES (401, 10000091, '斯文的新司机', '3个月', 2, '90', 2, 3, 'WX_XCX_Rr4a5xcq32', NULL, 0.10, 0, '2024-01-22 11:27:14');
INSERT INTO `tb_pay_order` (`id`, `user_id`, `user_name`, `commodity_name`, `commodity_type`, `commodity_specification`, `pey_type`, `pey_status`, `order_code`, `trilateral_code`, `recharge_amount`, `order_type`, `found_time`) VALUES (411, 10000091, '斯文的新司机', '3个月', 2, '90', 2, 3, 'WX_XCX_N04nmL111d', NULL, 0.10, 0, '2024-01-22 11:42:30');
INSERT INTO `tb_pay_order` (`id`, `user_id`, `user_name`, `commodity_name`, `commodity_type`, `commodity_specification`, `pey_type`, `pey_status`, `order_code`, `trilateral_code`, `recharge_amount`, `order_type`, `found_time`) VALUES (421, 10000000, '哈试试', '1个', 1, '10', 2, 3, 'WX_XCX_058H0952a6', NULL, 0.10, 0, '2024-01-22 13:39:41');
INSERT INTO `tb_pay_order` (`id`, `user_id`, `user_name`, `commodity_name`, `commodity_type`, `commodity_specification`, `pey_type`, `pey_status`, `order_code`, `trilateral_code`, `recharge_amount`, `order_type`, `found_time`) VALUES (431, 10000000, '哈试试', '1个', 1, '10', 2, 3, 'WX_XCX_Dd490t05cu', NULL, 0.10, 0, '2024-01-22 13:39:51');
INSERT INTO `tb_pay_order` (`id`, `user_id`, `user_name`, `commodity_name`, `commodity_type`, `commodity_specification`, `pey_type`, `pey_status`, `order_code`, `trilateral_code`, `recharge_amount`, `order_type`, `found_time`) VALUES (441, 10000000, '哈试试', '1个', 1, '10', 2, 3, 'WX_XCX_sN8d0qOga4', NULL, 0.10, 0, '2024-01-22 13:41:16');
INSERT INTO `tb_pay_order` (`id`, `user_id`, `user_name`, `commodity_name`, `commodity_type`, `commodity_specification`, `pey_type`, `pey_status`, `order_code`, `trilateral_code`, `recharge_amount`, `order_type`, `found_time`) VALUES (451, 10000000, '哈试试', '1个', 1, '10', 2, 3, 'WX_XCX_S971Ka662Y', NULL, 0.10, 0, '2024-01-22 14:13:08');
INSERT INTO `tb_pay_order` (`id`, `user_id`, `user_name`, `commodity_name`, `commodity_type`, `commodity_specification`, `pey_type`, `pey_status`, `order_code`, `trilateral_code`, `recharge_amount`, `order_type`, `found_time`) VALUES (461, 10000000, '哈试试', '1个', 1, '10', 2, 3, 'WX_XCX_QZR760v3sX', NULL, 0.10, 0, '2024-01-22 14:13:40');
INSERT INTO `tb_pay_order` (`id`, `user_id`, `user_name`, `commodity_name`, `commodity_type`, `commodity_specification`, `pey_type`, `pey_status`, `order_code`, `trilateral_code`, `recharge_amount`, `order_type`, `found_time`) VALUES (471, 10000000, '哈试试', '1个', 1, '10', 2, 3, 'WX_XCX_MaG64ytZiS', NULL, 0.10, 0, '2024-01-22 14:13:41');
INSERT INTO `tb_pay_order` (`id`, `user_id`, `user_name`, `commodity_name`, `commodity_type`, `commodity_specification`, `pey_type`, `pey_status`, `order_code`, `trilateral_code`, `recharge_amount`, `order_type`, `found_time`) VALUES (481, 10000000, '哈试试', '10个', 1, '100', 2, 3, 'WX_XCX_73QY30y637', NULL, 0.20, 0, '2024-01-22 14:14:18');
INSERT INTO `tb_pay_order` (`id`, `user_id`, `user_name`, `commodity_name`, `commodity_type`, `commodity_specification`, `pey_type`, `pey_status`, `order_code`, `trilateral_code`, `recharge_amount`, `order_type`, `found_time`) VALUES (491, 10000000, '哈试试', '1个', 1, '10', 2, 3, 'WX_XCX_8h71F4528Q', NULL, 0.10, 0, '2024-01-22 14:14:24');
INSERT INTO `tb_pay_order` (`id`, `user_id`, `user_name`, `commodity_name`, `commodity_type`, `commodity_specification`, `pey_type`, `pey_status`, `order_code`, `trilateral_code`, `recharge_amount`, `order_type`, `found_time`) VALUES (501, 10000000, '哈试试', '1个', 1, '10', 2, 3, 'WX_XCX_93rZGi9dT3', NULL, 0.10, 0, '2024-01-22 14:14:57');
INSERT INTO `tb_pay_order` (`id`, `user_id`, `user_name`, `commodity_name`, `commodity_type`, `commodity_specification`, `pey_type`, `pey_status`, `order_code`, `trilateral_code`, `recharge_amount`, `order_type`, `found_time`) VALUES (511, 10000000, '哈试试', '1个', 1, '10', 2, 3, 'WX_XCX_wL1JC53u41', NULL, 0.10, 0, '2024-01-22 14:17:01');
INSERT INTO `tb_pay_order` (`id`, `user_id`, `user_name`, `commodity_name`, `commodity_type`, `commodity_specification`, `pey_type`, `pey_status`, `order_code`, `trilateral_code`, `recharge_amount`, `order_type`, `found_time`) VALUES (521, 10000000, '哈试试', '1个', 1, '10', 2, 3, 'WX_XCX_3v46TtQA2O', NULL, 0.10, 0, '2024-01-22 14:19:30');
INSERT INTO `tb_pay_order` (`id`, `user_id`, `user_name`, `commodity_name`, `commodity_type`, `commodity_specification`, `pey_type`, `pey_status`, `order_code`, `trilateral_code`, `recharge_amount`, `order_type`, `found_time`) VALUES (531, 10000000, '哈试试', '1个', 1, '10', 2, 3, 'WX_XCX_U7W1K9A7e6', NULL, 0.10, 0, '2024-01-22 14:24:40');
INSERT INTO `tb_pay_order` (`id`, `user_id`, `user_name`, `commodity_name`, `commodity_type`, `commodity_specification`, `pey_type`, `pey_status`, `order_code`, `trilateral_code`, `recharge_amount`, `order_type`, `found_time`) VALUES (541, 10000111, '开朗的沙滩裤', '1个', 1, '10', 2, 3, 'WX_XCX_s2l5z0MBJu', NULL, 0.10, 0, '2024-01-22 14:27:10');
INSERT INTO `tb_pay_order` (`id`, `user_id`, `user_name`, `commodity_name`, `commodity_type`, `commodity_specification`, `pey_type`, `pey_status`, `order_code`, `trilateral_code`, `recharge_amount`, `order_type`, `found_time`) VALUES (551, 10000111, '开朗的沙滩裤', '1个', 1, '10', 2, 3, 'WX_XCX_1psdC2N7xF', NULL, 0.10, 0, '2024-01-22 15:01:06');
INSERT INTO `tb_pay_order` (`id`, `user_id`, `user_name`, `commodity_name`, `commodity_type`, `commodity_specification`, `pey_type`, `pey_status`, `order_code`, `trilateral_code`, `recharge_amount`, `order_type`, `found_time`) VALUES (561, 10000000, '哈试试', '1个', 1, '10', 2, 2, 'WX_H5_12384lM86R', NULL, 0.10, 0, '2024-01-22 15:10:27');
INSERT INTO `tb_pay_order` (`id`, `user_id`, `user_name`, `commodity_name`, `commodity_type`, `commodity_specification`, `pey_type`, `pey_status`, `order_code`, `trilateral_code`, `recharge_amount`, `order_type`, `found_time`) VALUES (571, 10000000, '哈试试', '1个', 1, '10', 1, 2, 'ALI_H5_PAY_bUC3d05411', NULL, 0.10, 0, '2024-01-22 15:10:33');
INSERT INTO `tb_pay_order` (`id`, `user_id`, `user_name`, `commodity_name`, `commodity_type`, `commodity_specification`, `pey_type`, `pey_status`, `order_code`, `trilateral_code`, `recharge_amount`, `order_type`, `found_time`) VALUES (581, 10000000, '哈试试', '1个', 1, '10', 1, 2, 'ALI_H5_PAY_GUc134jN51', NULL, 0.10, 0, '2024-01-22 15:11:05');
INSERT INTO `tb_pay_order` (`id`, `user_id`, `user_name`, `commodity_name`, `commodity_type`, `commodity_specification`, `pey_type`, `pey_status`, `order_code`, `trilateral_code`, `recharge_amount`, `order_type`, `found_time`) VALUES (591, 10000000, '哈试试', '1个', 1, '10', 1, 2, 'ALI_H5_PAY_17VSxq3r87', NULL, 0.10, 0, '2024-01-22 15:12:12');
INSERT INTO `tb_pay_order` (`id`, `user_id`, `user_name`, `commodity_name`, `commodity_type`, `commodity_specification`, `pey_type`, `pey_status`, `order_code`, `trilateral_code`, `recharge_amount`, `order_type`, `found_time`) VALUES (601, 10000000, '哈试试', '1个', 1, '10', 1, 2, 'ALI_H5_PAY_Q24FCK1977', NULL, 0.10, 0, '2024-01-22 15:13:19');
INSERT INTO `tb_pay_order` (`id`, `user_id`, `user_name`, `commodity_name`, `commodity_type`, `commodity_specification`, `pey_type`, `pey_status`, `order_code`, `trilateral_code`, `recharge_amount`, `order_type`, `found_time`) VALUES (611, 10000111, '开朗的沙滩裤', '1个', 1, '10', 2, 3, 'WX_XCX_284n97FEFz', NULL, 0.10, 0, '2024-01-22 15:18:25');
INSERT INTO `tb_pay_order` (`id`, `user_id`, `user_name`, `commodity_name`, `commodity_type`, `commodity_specification`, `pey_type`, `pey_status`, `order_code`, `trilateral_code`, `recharge_amount`, `order_type`, `found_time`) VALUES (621, 10000091, '斯文的新司机', '一个月', 2, '30', 2, 2, 'WX_H5_3Sc352He7x', NULL, 0.10, 0, '2024-01-22 15:19:02');
INSERT INTO `tb_pay_order` (`id`, `user_id`, `user_name`, `commodity_name`, `commodity_type`, `commodity_specification`, `pey_type`, `pey_status`, `order_code`, `trilateral_code`, `recharge_amount`, `order_type`, `found_time`) VALUES (631, 10000091, '斯文的新司机', '一个月', 2, '30', 2, 2, 'WX_H5_23n728r897', NULL, 0.10, 0, '2024-01-22 15:19:06');
INSERT INTO `tb_pay_order` (`id`, `user_id`, `user_name`, `commodity_name`, `commodity_type`, `commodity_specification`, `pey_type`, `pey_status`, `order_code`, `trilateral_code`, `recharge_amount`, `order_type`, `found_time`) VALUES (641, 10000091, '斯文的新司机', '一个月', 2, '30', 2, 2, 'WX_H5_rvO35f27l0', NULL, 0.10, 0, '2024-01-22 15:19:07');
INSERT INTO `tb_pay_order` (`id`, `user_id`, `user_name`, `commodity_name`, `commodity_type`, `commodity_specification`, `pey_type`, `pey_status`, `order_code`, `trilateral_code`, `recharge_amount`, `order_type`, `found_time`) VALUES (651, 10000111, '开朗的沙滩裤', '1个', 1, '10', 2, 3, 'WX_XCX_60P7Lj7t5d', NULL, 0.10, 0, '2024-01-22 15:24:59');
INSERT INTO `tb_pay_order` (`id`, `user_id`, `user_name`, `commodity_name`, `commodity_type`, `commodity_specification`, `pey_type`, `pey_status`, `order_code`, `trilateral_code`, `recharge_amount`, `order_type`, `found_time`) VALUES (661, 10000000, '哈试试1', '1个', 1, '10', 1, 2, 'ALI_H5_PAY_m53BrhF620', NULL, 0.10, 0, '2024-01-22 15:51:56');
INSERT INTO `tb_pay_order` (`id`, `user_id`, `user_name`, `commodity_name`, `commodity_type`, `commodity_specification`, `pey_type`, `pey_status`, `order_code`, `trilateral_code`, `recharge_amount`, `order_type`, `found_time`) VALUES (671, 10000000, '哈试试1', '1个', 1, '10', 1, 2, 'ALI_H5_PAY_39HBJxKT4y', NULL, 0.10, 0, '2024-01-23 15:52:05');
INSERT INTO `tb_pay_order` (`id`, `user_id`, `user_name`, `commodity_name`, `commodity_type`, `commodity_specification`, `pey_type`, `pey_status`, `order_code`, `trilateral_code`, `recharge_amount`, `order_type`, `found_time`) VALUES (681, 10000000, '哈试试1', '1个', 1, '10', 1, 2, 'ALI_H5_PAY_34aQs7cWGL', NULL, 0.10, 0, '2024-01-23 15:55:50');
INSERT INTO `tb_pay_order` (`id`, `user_id`, `user_name`, `commodity_name`, `commodity_type`, `commodity_specification`, `pey_type`, `pey_status`, `order_code`, `trilateral_code`, `recharge_amount`, `order_type`, `found_time`) VALUES (691, 10000000, '哈试试1', '1个', 1, '10', 1, 2, 'ALI_H5_PAY_0R22oa1VMh', NULL, 0.10, 0, '2024-01-23 15:57:14');
INSERT INTO `tb_pay_order` (`id`, `user_id`, `user_name`, `commodity_name`, `commodity_type`, `commodity_specification`, `pey_type`, `pey_status`, `order_code`, `trilateral_code`, `recharge_amount`, `order_type`, `found_time`) VALUES (701, 10000000, '哈试试1', '1个', 1, '10', 1, 2, 'ALI_H5_PAY_6p51S2P3oT', NULL, 0.10, 0, '2024-01-23 15:58:51');
INSERT INTO `tb_pay_order` (`id`, `user_id`, `user_name`, `commodity_name`, `commodity_type`, `commodity_specification`, `pey_type`, `pey_status`, `order_code`, `trilateral_code`, `recharge_amount`, `order_type`, `found_time`) VALUES (711, 10000000, '哈试试1', '1个', 1, '10', 1, 2, 'ALI_H5_PAY_t061A711f2', NULL, 0.10, 0, '2024-01-23 16:13:46');
INSERT INTO `tb_pay_order` (`id`, `user_id`, `user_name`, `commodity_name`, `commodity_type`, `commodity_specification`, `pey_type`, `pey_status`, `order_code`, `trilateral_code`, `recharge_amount`, `order_type`, `found_time`) VALUES (721, 10000000, '哈试试1', '1个', 1, '10', 1, 2, 'ALI_H5_PAY_22xnL9HD24', NULL, 0.10, 0, '2024-01-23 16:14:52');
INSERT INTO `tb_pay_order` (`id`, `user_id`, `user_name`, `commodity_name`, `commodity_type`, `commodity_specification`, `pey_type`, `pey_status`, `order_code`, `trilateral_code`, `recharge_amount`, `order_type`, `found_time`) VALUES (731, 10000000, '哈试试1', '1个', 1, '10', 1, 2, 'ALI_H5_PAY_854316J778', NULL, 0.10, 0, '2024-01-23 16:15:03');
INSERT INTO `tb_pay_order` (`id`, `user_id`, `user_name`, `commodity_name`, `commodity_type`, `commodity_specification`, `pey_type`, `pey_status`, `order_code`, `trilateral_code`, `recharge_amount`, `order_type`, `found_time`) VALUES (741, 10000000, '哈试试1', '1个', 1, '10', 1, 2, 'ALI_H5_PAY_4c14T3j77Q', NULL, 0.10, 0, '2024-01-23 16:17:04');
INSERT INTO `tb_pay_order` (`id`, `user_id`, `user_name`, `commodity_name`, `commodity_type`, `commodity_specification`, `pey_type`, `pey_status`, `order_code`, `trilateral_code`, `recharge_amount`, `order_type`, `found_time`) VALUES (751, 10000000, '哈试试1', '1个', 1, '10', 1, 2, 'ALI_H5_PAY_9y8RagWtgI', NULL, 0.10, 0, '2024-01-23 16:18:08');
INSERT INTO `tb_pay_order` (`id`, `user_id`, `user_name`, `commodity_name`, `commodity_type`, `commodity_specification`, `pey_type`, `pey_status`, `order_code`, `trilateral_code`, `recharge_amount`, `order_type`, `found_time`) VALUES (761, 10000000, '哈试试1', '10个', 1, '100', 1, 2, 'ALI_H5_PAY_0886060A0u', NULL, 0.20, 0, '2024-01-23 16:19:50');
INSERT INTO `tb_pay_order` (`id`, `user_id`, `user_name`, `commodity_name`, `commodity_type`, `commodity_specification`, `pey_type`, `pey_status`, `order_code`, `trilateral_code`, `recharge_amount`, `order_type`, `found_time`) VALUES (771, 10000000, '哈试试1', '10个', 1, '100', 2, 2, 'WX_H5_24Gyv567Y7', NULL, 0.20, 0, '2024-01-23 16:28:26');
INSERT INTO `tb_pay_order` (`id`, `user_id`, `user_name`, `commodity_name`, `commodity_type`, `commodity_specification`, `pey_type`, `pey_status`, `order_code`, `trilateral_code`, `recharge_amount`, `order_type`, `found_time`) VALUES (781, 10000000, '哈试试1', '10个', 1, '100', 2, 2, 'WX_H5_0965d56IWx', NULL, 0.20, 0, '2024-01-23 16:28:55');
INSERT INTO `tb_pay_order` (`id`, `user_id`, `user_name`, `commodity_name`, `commodity_type`, `commodity_specification`, `pey_type`, `pey_status`, `order_code`, `trilateral_code`, `recharge_amount`, `order_type`, `found_time`) VALUES (791, 10000000, '哈试试1', '1个', 1, '10', 2, 2, 'WX_H5_s0385nX4J7', NULL, 0.10, 0, '2024-01-23 16:31:49');
INSERT INTO `tb_pay_order` (`id`, `user_id`, `user_name`, `commodity_name`, `commodity_type`, `commodity_specification`, `pey_type`, `pey_status`, `order_code`, `trilateral_code`, `recharge_amount`, `order_type`, `found_time`) VALUES (801, 10000000, '哈试试1', '1个', 1, '10', 2, 2, 'WX_H5_XK6oWhVQ09', NULL, 0.10, 0, '2024-01-23 16:38:26');
INSERT INTO `tb_pay_order` (`id`, `user_id`, `user_name`, `commodity_name`, `commodity_type`, `commodity_specification`, `pey_type`, `pey_status`, `order_code`, `trilateral_code`, `recharge_amount`, `order_type`, `found_time`) VALUES (811, 10000000, '哈试试1', '1个', 1, '10', 2, 2, 'WX_H5_qJZz624e10', NULL, 0.10, 0, '2024-01-23 16:38:38');
INSERT INTO `tb_pay_order` (`id`, `user_id`, `user_name`, `commodity_name`, `commodity_type`, `commodity_specification`, `pey_type`, `pey_status`, `order_code`, `trilateral_code`, `recharge_amount`, `order_type`, `found_time`) VALUES (821, 10000000, '哈试试1', '1个', 1, '10', 2, 2, 'WX_H5_E398e413k3', NULL, 0.10, 0, '2024-01-23 16:39:50');
INSERT INTO `tb_pay_order` (`id`, `user_id`, `user_name`, `commodity_name`, `commodity_type`, `commodity_specification`, `pey_type`, `pey_status`, `order_code`, `trilateral_code`, `recharge_amount`, `order_type`, `found_time`) VALUES (831, 10000000, '哈试试1', '1个', 1, '10', 2, 2, 'WX_H5_6840KjDKEd', NULL, 0.10, 0, '2024-01-23 16:40:07');
INSERT INTO `tb_pay_order` (`id`, `user_id`, `user_name`, `commodity_name`, `commodity_type`, `commodity_specification`, `pey_type`, `pey_status`, `order_code`, `trilateral_code`, `recharge_amount`, `order_type`, `found_time`) VALUES (841, 10000000, '哈试试1', '1个', 1, '10', 2, 2, 'WX_H5_5pF0Bv85OS', NULL, 0.10, 0, '2024-01-23 16:41:04');
INSERT INTO `tb_pay_order` (`id`, `user_id`, `user_name`, `commodity_name`, `commodity_type`, `commodity_specification`, `pey_type`, `pey_status`, `order_code`, `trilateral_code`, `recharge_amount`, `order_type`, `found_time`) VALUES (851, 10000000, '哈试试1', '1个', 1, '10', 2, 2, 'WX_H5_15cV276Ytb', NULL, 0.10, 0, '2024-01-23 16:42:24');
INSERT INTO `tb_pay_order` (`id`, `user_id`, `user_name`, `commodity_name`, `commodity_type`, `commodity_specification`, `pey_type`, `pey_status`, `order_code`, `trilateral_code`, `recharge_amount`, `order_type`, `found_time`) VALUES (861, 10000000, '哈试试1', '1个', 1, '10', 2, 2, 'WX_H5_8o07725Yn3', NULL, 0.10, 0, '2024-01-23 16:49:34');
INSERT INTO `tb_pay_order` (`id`, `user_id`, `user_name`, `commodity_name`, `commodity_type`, `commodity_specification`, `pey_type`, `pey_status`, `order_code`, `trilateral_code`, `recharge_amount`, `order_type`, `found_time`) VALUES (871, 10000000, '哈试试1', '1个', 1, '10', 2, 2, 'WX_H5_6rMMc3l1U0', NULL, 0.10, 0, '2024-01-23 16:50:11');
INSERT INTO `tb_pay_order` (`id`, `user_id`, `user_name`, `commodity_name`, `commodity_type`, `commodity_specification`, `pey_type`, `pey_status`, `order_code`, `trilateral_code`, `recharge_amount`, `order_type`, `found_time`) VALUES (881, 10000000, '哈试试1', '1个', 1, '10', 2, 2, 'WX_H5_O5zuu32ob0', NULL, 0.10, 0, '2024-01-23 16:50:47');
INSERT INTO `tb_pay_order` (`id`, `user_id`, `user_name`, `commodity_name`, `commodity_type`, `commodity_specification`, `pey_type`, `pey_status`, `order_code`, `trilateral_code`, `recharge_amount`, `order_type`, `found_time`) VALUES (891, 10000000, '哈试试1', '1个', 1, '10', 2, 2, 'WX_H5_4iUa24k0ve', NULL, 0.10, 0, '2024-01-23 16:51:32');
INSERT INTO `tb_pay_order` (`id`, `user_id`, `user_name`, `commodity_name`, `commodity_type`, `commodity_specification`, `pey_type`, `pey_status`, `order_code`, `trilateral_code`, `recharge_amount`, `order_type`, `found_time`) VALUES (901, 10000000, '哈试试1', '1个', 1, '10', 2, 2, 'WX_H5_B8AY793lp6', NULL, 0.10, 0, '2024-01-23 16:51:47');
INSERT INTO `tb_pay_order` (`id`, `user_id`, `user_name`, `commodity_name`, `commodity_type`, `commodity_specification`, `pey_type`, `pey_status`, `order_code`, `trilateral_code`, `recharge_amount`, `order_type`, `found_time`) VALUES (911, 10000000, '哈试试1', '1个', 1, '10', 2, 2, 'WX_H5_8EhIL616kd', NULL, 0.10, 0, '2024-01-23 16:53:08');
INSERT INTO `tb_pay_order` (`id`, `user_id`, `user_name`, `commodity_name`, `commodity_type`, `commodity_specification`, `pey_type`, `pey_status`, `order_code`, `trilateral_code`, `recharge_amount`, `order_type`, `found_time`) VALUES (921, 10000000, '哈试试1', '1个', 1, '10', 1, 2, 'ALI_H5_PAY_gh8Rr93xI3', NULL, 0.10, 0, '2024-01-23 16:53:17');
INSERT INTO `tb_pay_order` (`id`, `user_id`, `user_name`, `commodity_name`, `commodity_type`, `commodity_specification`, `pey_type`, `pey_status`, `order_code`, `trilateral_code`, `recharge_amount`, `order_type`, `found_time`) VALUES (931, 10000000, '哈试试1', '一个月', 2, '30', 2, 2, 'WX_H5_ikrT262Gl1', NULL, 0.10, 0, '2024-01-23 16:55:25');
INSERT INTO `tb_pay_order` (`id`, `user_id`, `user_name`, `commodity_name`, `commodity_type`, `commodity_specification`, `pey_type`, `pey_status`, `order_code`, `trilateral_code`, `recharge_amount`, `order_type`, `found_time`) VALUES (941, 10000000, '哈试试1', '3个月', 2, '90', 1, 2, 'ALI_H5_PAY_m96015DFL6', NULL, 0.10, 0, '2024-01-23 16:55:33');
COMMIT;

-- ----------------------------
-- Table structure for tb_post
-- ----------------------------
DROP TABLE IF EXISTS `tb_post`;
CREATE TABLE `tb_post` (
  `id` bigint NOT NULL AUTO_INCREMENT COMMENT '帖子ID',
  `content` longtext CHARACTER SET utf8mb4 COLLATE utf8mb4_general_ci COMMENT '帖子文字内容/红包文字/问答的json数据',
  `file_urls` longtext CHARACTER SET utf8mb4 COLLATE utf8mb4_general_ci COMMENT '文件地址,json格式',
  `user_id` bigint DEFAULT NULL COMMENT '发帖的人的ID',
  `circle_id` bigint DEFAULT NULL COMMENT '圈子ID',
  `status` int DEFAULT NULL COMMENT '状态(0审核中1审核通过1拒绝)',
  `type` int DEFAULT NULL COMMENT '类型(0公开帖子1圈内帖子)',
  `create_time` datetime DEFAULT NULL COMMENT '发帖时间',
  `file_type` int DEFAULT NULL COMMENT '文件类型(0图片1视频)',
  `discuss_id` bigint DEFAULT NULL COMMENT '话题ID',
  `title` varchar(255) CHARACTER SET utf8mb4 COLLATE utf8mb4_general_ci DEFAULT NULL COMMENT '标题',
  `image` longtext CHARACTER SET utf8mb4 COLLATE utf8mb4_general_ci COMMENT '封面图(多张图片就是第一张/视频就是第一帧)',
  `dz_count` int DEFAULT NULL COMMENT '点赞数',
  `read_numer` int DEFAULT NULL COMMENT '阅读数',
  `ip` varchar(255) CHARACTER SET utf8mb4 COLLATE utf8mb4_general_ci DEFAULT NULL COMMENT '发帖IP',
  `ip_locate` varchar(255) CHARACTER SET utf8mb4 COLLATE utf8mb4_general_ci DEFAULT NULL COMMENT 'IP地区',
  `post_class` int DEFAULT NULL COMMENT '帖子类型(0普通贴1红包贴2投票贴3问答贴)',
  PRIMARY KEY (`id`)
) ENGINE=InnoDB AUTO_INCREMENT=531 DEFAULT CHARSET=utf8mb4 COLLATE=utf8mb4_general_ci COMMENT='帖子表';

-- ----------------------------
-- Records of tb_post
-- ----------------------------
BEGIN;
INSERT INTO `tb_post` (`id`, `content`, `file_urls`, `user_id`, `circle_id`, `status`, `type`, `create_time`, `file_type`, `discuss_id`, `title`, `image`, `dz_count`, `read_numer`, `ip`, `ip_locate`, `post_class`) VALUES (181, '先帝创业未半，而中道崩殂今天下三分。定嘻嘻嘻东西', '[\"https://dazhi-chatting.oss-cn-chengdu.aliyuncs.com/20231215/02045ea6c2e146138f08e33dd3fdff4d.jpg\",\"https://dazhi-chatting.oss-cn-chengdu.aliyuncs.com/20231215/777ed87f89fb42f7aa963803352bcfaa.jpg\",\"https://dazhi-chatting.oss-cn-chengdu.aliyuncs.com/20231215/6620c45b21f94228b5e280cad421700a.jpg\",\"https://dazhi-chatting.oss-cn-chengdu.aliyuncs.com/20231215/3d23041e41464c9aa0a89f86466216c1.jpg\",\"https://dazhi-chatting.oss-cn-chengdu.aliyuncs.com/20231215/431e882b7d7344c9b23b063fc91fe53f.jpg\",\"https://dazhi-chatting.oss-cn-chengdu.aliyuncs.com/20231215/497cf02cea0e48279a07c0032f6b25af.jpg\"]', 10000031, 11, 1, 0, '2023-12-15 18:06:34', 0, NULL, '这是一个响亮的名字', 'https://dazhi-chatting.oss-cn-chengdu.aliyuncs.com/20231215/02045ea6c2e146138f08e33dd3fdff4d.jpg', 4, 23, '171.219.215.171', '四川省-成都市', 0);
INSERT INTO `tb_post` (`id`, `content`, `file_urls`, `user_id`, `circle_id`, `status`, `type`, `create_time`, `file_type`, `discuss_id`, `title`, `image`, `dz_count`, `read_numer`, `ip`, `ip_locate`, `post_class`) VALUES (191, '小视频，牛皮的不得了。', '[\"https://dazhi-chatting.oss-cn-chengdu.aliyuncs.com/20231215/59d6c5bacf1b48f288b75b7e64b3677f.mp4\"]', 10000031, 11, 1, 0, '2023-12-15 18:08:28', 1, NULL, '这是个视频贴', 'https://dazhi-chatting.oss-cn-chengdu.aliyuncs.com/20231215/59d6c5bacf1b48f288b75b7e64b3677f.mp4?spm=qipa250&x-oss-process=video/snapshot,t_7000,f_jpg,m_fast,ar_auto', 2, 6, '171.219.215.171', '四川省-成都市', 0);
INSERT INTO `tb_post` (`id`, `content`, `file_urls`, `user_id`, `circle_id`, `status`, `type`, `create_time`, `file_type`, `discuss_id`, `title`, `image`, `dz_count`, `read_numer`, `ip`, `ip_locate`, `post_class`) VALUES (201, '妖怪别他妈逼逼了，滴滴滴滴滴滴', '[\"https://dazhi-chatting.oss-cn-chengdu.aliyuncs.com/20231215/bdd8329133294228adbcf29f303dac38.mp4\"]', 1, 11, 1, 0, '2023-12-15 20:32:43', 1, NULL, '妖怪，别他妈逼逼了', 'https://dazhi-chatting.oss-cn-chengdu.aliyuncs.com/20231215/bdd8329133294228adbcf29f303dac38.mp4?spm=qipa250&x-oss-process=video/snapshot,t_7000,f_jpg,m_fast,ar_auto', 2, 18, '222.209.116.30', '四川省-成都市', 0);
INSERT INTO `tb_post` (`id`, `content`, `file_urls`, `user_id`, `circle_id`, `status`, `type`, `create_time`, `file_type`, `discuss_id`, `title`, `image`, `dz_count`, `read_numer`, `ip`, `ip_locate`, `post_class`) VALUES (211, '明明明民工明年嘻嘻乌龟自信想日在新睡衣', '[\"https://dazhi-chatting.oss-cn-chengdu.aliyuncs.com/20231215/46f53e984bf748ccbbc8217726312ec0.mp4\"]', 1, 11, 1, 0, '2023-12-15 20:47:55', 1, NULL, '心搜狐你摸', 'https://dazhi-chatting.oss-cn-chengdu.aliyuncs.com/20231215/46f53e984bf748ccbbc8217726312ec0.mp4?spm=qipa250&x-oss-process=video/snapshot,t_7000,f_jpg,m_fast,ar_auto', 1, 5, '222.209.116.30', '四川省-成都市', 0);
INSERT INTO `tb_post` (`id`, `content`, `file_urls`, `user_id`, `circle_id`, `status`, `type`, `create_time`, `file_type`, `discuss_id`, `title`, `image`, `dz_count`, `read_numer`, `ip`, `ip_locate`, `post_class`) VALUES (221, '妮子注意子自助至于去嘻嘻嘻嘻嘻', '[\"https://dazhi-chatting.oss-cn-chengdu.aliyuncs.com/20231215/2cd81e34eb28454992eb5fc54e0d2c6a.jpg\",\"https://dazhi-chatting.oss-cn-chengdu.aliyuncs.com/20231215/712c435348e74734a058af4f485b9f1c.jpg\",\"https://dazhi-chatting.oss-cn-chengdu.aliyuncs.com/20231215/ac41d42aa14c4419b82e7a91dacac03c.jpg\",\"https://dazhi-chatting.oss-cn-chengdu.aliyuncs.com/20231215/d1398d89afb64a3d9945e3e5a64f2757.jpg\",\"https://dazhi-chatting.oss-cn-chengdu.aliyuncs.com/20231215/501b09eb1ccf409a95debde1ec7a007b.jpg\",\"https://dazhi-chatting.oss-cn-chengdu.aliyuncs.com/20231215/7304ca28c63c470cbc2cb2d250d0a4e8.jpg\",\"https://dazhi-chatting.oss-cn-chengdu.aliyuncs.com/20231215/bc109a5b12e54ce3a4db5abc38e0fe43.jpg\",\"https://dazhi-chatting.oss-cn-chengdu.aliyuncs.com/20231215/9c08306417184db8b9c8f344e85f04eb.jpg\",\"https://dazhi-chatting.oss-cn-chengdu.aliyuncs.com/20231215/3ce6290e5b434030b0cf7d4188d8166f.jpg\"]', 10000041, 11, 1, 0, '2023-12-15 20:50:02', 0, NULL, '自助会我和', 'https://dazhi-chatting.oss-cn-chengdu.aliyuncs.com/20231215/2cd81e34eb28454992eb5fc54e0d2c6a.jpg', 1, 8, '222.209.116.30', '四川省-成都市', 0);
INSERT INTO `tb_post` (`id`, `content`, `file_urls`, `user_id`, `circle_id`, `status`, `type`, `create_time`, `file_type`, `discuss_id`, `title`, `image`, `dz_count`, `read_numer`, `ip`, `ip_locate`, `post_class`) VALUES (231, '破晓前想日在啥信息嘻嘻嘻', '[\"https://dazhi-chatting.oss-cn-chengdu.aliyuncs.com/20231215/4b7fc689d3294f998dd190265f6e73b7.jpeg\",\"https://dazhi-chatting.oss-cn-chengdu.aliyuncs.com/20231215/736057e73ed44804b8188117971985ad.jpeg\",\"https://dazhi-chatting.oss-cn-chengdu.aliyuncs.com/20231215/a846a846a56849cfa0573ca2989d6b42.jpeg\"]', 1, 11, 1, 0, '2023-12-15 20:51:28', 0, NULL, '哦去想哇是皮呀我', 'https://dazhi-chatting.oss-cn-chengdu.aliyuncs.com/20231215/4b7fc689d3294f998dd190265f6e73b7.jpeg', 1, 7, '222.209.116.30', '四川省-成都市', 0);
INSERT INTO `tb_post` (`id`, `content`, `file_urls`, `user_id`, `circle_id`, `status`, `type`, `create_time`, `file_type`, `discuss_id`, `title`, `image`, `dz_count`, `read_numer`, `ip`, `ip_locate`, `post_class`) VALUES (241, '电驴电驴电驴电驴电驴', '[\"https://dazhi-chatting.oss-cn-chengdu.aliyuncs.com/20231215/0d9706b4ef7d4ff29fc9351f30424824.jpeg\",\"https://dazhi-chatting.oss-cn-chengdu.aliyuncs.com/20231215/fddadb21f5494477b3f7eeacc64a9612.jpeg\",\"https://dazhi-chatting.oss-cn-chengdu.aliyuncs.com/20231215/8cd7326a7f5348538e8e8e2dc8257374.jpeg\",\"https://dazhi-chatting.oss-cn-chengdu.aliyuncs.com/20231215/69b5c4a2a5124e7797753246733530a9.jpeg\"]', 1, 11, 1, 0, '2023-12-15 20:52:34', 0, NULL, '9号小电驴', 'https://dazhi-chatting.oss-cn-chengdu.aliyuncs.com/20231215/0d9706b4ef7d4ff29fc9351f30424824.jpeg', 1, 15, '222.209.116.30', '四川省-成都市', 0);
INSERT INTO `tb_post` (`id`, `content`, `file_urls`, `user_id`, `circle_id`, `status`, `type`, `create_time`, `file_type`, `discuss_id`, `title`, `image`, `dz_count`, `read_numer`, `ip`, `ip_locate`, `post_class`) VALUES (251, '走咯啊，落寞now最好咯噢噢噢咯偶睡咯莫', '[\"https://dazhi-chatting.oss-cn-chengdu.aliyuncs.com/20231215/1f49209b84bb4bd598e262520d602984.mp4\"]', 1, 11, 1, 0, '2023-12-15 20:57:25', 1, NULL, '广告公司上班', 'https://dazhi-chatting.oss-cn-chengdu.aliyuncs.com/20231215/1f49209b84bb4bd598e262520d602984.mp4?spm=qipa250&x-oss-process=video/snapshot,t_7000,f_jpg,m_fast,ar_auto', 0, 5, '222.209.116.30', '四川省-成都市', 0);
INSERT INTO `tb_post` (`id`, `content`, `file_urls`, `user_id`, `circle_id`, `status`, `type`, `create_time`, `file_type`, `discuss_id`, `title`, `image`, `dz_count`, `read_numer`, `ip`, `ip_locate`, `post_class`) VALUES (261, '磕头诺特特乐乐的头目欧诺', '[\"https://dazhi-chatting.oss-cn-chengdu.aliyuncs.com/20231215/a11b846dd72d4aafaa52da4372572df8.mp4\"]', 1, 11, 1, 0, '2023-12-15 20:58:14', 1, NULL, '魔女琪露诺脱', 'https://dazhi-chatting.oss-cn-chengdu.aliyuncs.com/20231215/a11b846dd72d4aafaa52da4372572df8.mp4?spm=qipa250&x-oss-process=video/snapshot,t_7000,f_jpg,m_fast,ar_auto', 0, 15, '222.209.116.30', '四川省-成都市', 0);
INSERT INTO `tb_post` (`id`, `content`, `file_urls`, `user_id`, `circle_id`, `status`, `type`, `create_time`, `file_type`, `discuss_id`, `title`, `image`, `dz_count`, `read_numer`, `ip`, `ip_locate`, `post_class`) VALUES (271, '头虐了阿托态度的我的愿望不多，只希望你能快乐‎|•\'-\'•)و✧', '[\"https://dazhi-chatting.oss-cn-chengdu.aliyuncs.com/20231215/c7a2d5009c144fa4934dd2a2cc655dd8.mp4\"]', 1, 11, 1, 0, '2023-12-15 20:59:18', 1, NULL, '魔女诺姆特特可乐', 'https://dazhi-chatting.oss-cn-chengdu.aliyuncs.com/20231215/c7a2d5009c144fa4934dd2a2cc655dd8.mp4?spm=qipa250&x-oss-process=video/snapshot,t_7000,f_jpg,m_fast,ar_auto', 1, 22, '222.209.116.30', '四川省-成都市', 0);
INSERT INTO `tb_post` (`id`, `content`, `file_urls`, `user_id`, `circle_id`, `status`, `type`, `create_time`, `file_type`, `discuss_id`, `title`, `image`, `dz_count`, `read_numer`, `ip`, `ip_locate`, `post_class`) VALUES (281, '投了lz我我也饿啧啧啧额这我也咋啦套路咯我我我哦哟我', '[\"https://dazhi-chatting.oss-cn-chengdu.aliyuncs.com/20231215/d6c50781bc654947b37a690bb3524e2c.mp4\"]', 10000041, 11, 1, 0, '2023-12-15 21:00:36', 1, NULL, '我了哦我也问德文投了', 'https://dazhi-chatting.oss-cn-chengdu.aliyuncs.com/20231215/d6c50781bc654947b37a690bb3524e2c.mp4?spm=qipa250&x-oss-process=video/snapshot,t_7000,f_jpg,m_fast,ar_auto', 1, 23, '222.209.116.30', '四川省-成都市', 0);
INSERT INTO `tb_post` (`id`, `content`, `file_urls`, `user_id`, `circle_id`, `status`, `type`, `create_time`, `file_type`, `discuss_id`, `title`, `image`, `dz_count`, `read_numer`, `ip`, `ip_locate`, `post_class`) VALUES (291, '投了lnjnjnjmjmj哦呦木不是他他他我又有', '[\"https://dazhi-chatting.oss-cn-chengdu.aliyuncs.com/20231215/bec94ef7649242948406fc722e475b3a.mp4\"]', 10000041, 11, 1, 0, '2023-12-15 21:02:20', 1, NULL, '哦哟哟哟哟摸了了 接', 'https://dazhi-chatting.oss-cn-chengdu.aliyuncs.com/20231215/bec94ef7649242948406fc722e475b3a.mp4?spm=qipa250&x-oss-process=video/snapshot,t_7000,f_jpg,m_fast,ar_auto', 2, 59, '222.209.116.30', '四川省-成都市', 0);
INSERT INTO `tb_post` (`id`, `content`, `file_urls`, `user_id`, `circle_id`, `status`, `type`, `create_time`, `file_type`, `discuss_id`, `title`, `image`, `dz_count`, `read_numer`, `ip`, `ip_locate`, `post_class`) VALUES (301, '恭喜发财', '[\"https://dazhi-chatting.oss-cn-chengdu.aliyuncs.com/20231215/bec94ef7649242948406fc722e475b3a.mp4\"]', 1, 11, 1, 1, '2023-12-16 13:45:46', NULL, NULL, '恭喜发财', NULL, 0, 8, '192.168.100.244', '0-内网IP', 1);
INSERT INTO `tb_post` (`id`, `content`, `file_urls`, `user_id`, `circle_id`, `status`, `type`, `create_time`, `file_type`, `discuss_id`, `title`, `image`, `dz_count`, `read_numer`, `ip`, `ip_locate`, `post_class`) VALUES (341, '你们觉得设么最有用?', '[]', 1, 11, 1, 1, '2023-12-18 19:34:50', NULL, NULL, '这是一个投票', NULL, 1, 160, '192.168.3.11', '0-内网IP', 2);
INSERT INTO `tb_post` (`id`, `content`, `file_urls`, `user_id`, `circle_id`, `status`, `type`, `create_time`, `file_type`, `discuss_id`, `title`, `image`, `dz_count`, `read_numer`, `ip`, `ip_locate`, `post_class`) VALUES (421, '213213232321321321312', '[\"https://movies-momoyu.oss-cn-chengdu.aliyuncs.com/20231221/6c600dc1e78e4eebb5ef5902e4339fb8.jpeg\"]', 1, 1, 1, 0, '2023-12-21 12:02:06', 0, NULL, '122121', 'https://movies-momoyu.oss-cn-chengdu.aliyuncs.com/20231221/6c600dc1e78e4eebb5ef5902e4339fb8.jpeg', 4, 31, '192.168.100.244', '0-内网IP', 0);
INSERT INTO `tb_post` (`id`, `content`, `file_urls`, `user_id`, `circle_id`, `status`, `type`, `create_time`, `file_type`, `discuss_id`, `title`, `image`, `dz_count`, `read_numer`, `ip`, `ip_locate`, `post_class`) VALUES (431, '冬至吃什么呢红米敏敏', '[]', 10000001, 1, 1, 1, '2023-12-22 20:45:04', NULL, NULL, '冬至吃什么', NULL, 0, 5, '110.185.77.231', '四川省-成都市', 2);
INSERT INTO `tb_post` (`id`, `content`, `file_urls`, `user_id`, `circle_id`, `status`, `type`, `create_time`, `file_type`, `discuss_id`, `title`, `image`, `dz_count`, `read_numer`, `ip`, `ip_locate`, `post_class`) VALUES (441, '冬至吃什么呢红米敏敏', '[]', 10000001, 1, 1, 1, '2023-12-22 20:45:04', NULL, NULL, '冬至吃什么', NULL, 0, 7, '110.185.77.231', '四川省-成都市', 2);
INSERT INTO `tb_post` (`id`, `content`, `file_urls`, `user_id`, `circle_id`, `status`, `type`, `create_time`, `file_type`, `discuss_id`, `title`, `image`, `dz_count`, `read_numer`, `ip`, `ip_locate`, `post_class`) VALUES (451, '恭喜发财', '[]', 1, 1, 1, 1, '2023-12-22 21:34:39', NULL, NULL, '恭喜发财', NULL, 0, 4, '110.185.77.231', '四川省-成都市', 1);
INSERT INTO `tb_post` (`id`, `content`, `file_urls`, `user_id`, `circle_id`, `status`, `type`, `create_time`, `file_type`, `discuss_id`, `title`, `image`, `dz_count`, `read_numer`, `ip`, `ip_locate`, `post_class`) VALUES (461, '嘻嘻嘻嘻嘻嘻嘻嘻嘻嘻想日在啥想日为撒子游戏', '[\"https://movies-momoyu.oss-cn-chengdu.aliyuncs.com/20231225/ba79653d053649468f19ce3c5c600f93.jpg\",\"https://movies-momoyu.oss-cn-chengdu.aliyuncs.com/20231225/220b5d1ca75a4cbfb732e907bfa4bdc3.jpg\",\"https://movies-momoyu.oss-cn-chengdu.aliyuncs.com/20231225/5489d5b9689a44e895a8015ed59e4149.jpg\",\"https://movies-momoyu.oss-cn-chengdu.aliyuncs.com/20231225/e7f0aa06aae7443b82ede1f29a216c35.jpg\"]', 10000071, 11, 1, 0, '2023-12-25 17:27:34', 0, NULL, '这是一个付费贴哦', 'https://movies-momoyu.oss-cn-chengdu.aliyuncs.com/20231225/ba79653d053649468f19ce3c5c600f93.jpg', 1, 9, '221.182.16.84', '四川省-成都市', 0);
INSERT INTO `tb_post` (`id`, `content`, `file_urls`, `user_id`, `circle_id`, `status`, `type`, `create_time`, `file_type`, `discuss_id`, `title`, `image`, `dz_count`, `read_numer`, `ip`, `ip_locate`, `post_class`) VALUES (471, '是早住去在上自习追呀', '[\"https://movies-momoyu.oss-cn-chengdu.aliyuncs.com/20231225/d7e9f30a55ff47609d22cbd16f3d2a00.jpg\",\"https://movies-momoyu.oss-cn-chengdu.aliyuncs.com/20231225/39fb184f691d4bc4b619964435b9e9ca.jpg\",\"https://movies-momoyu.oss-cn-chengdu.aliyuncs.com/20231225/06fd954bc7b8466684673f4d9eff1a61.jpg\",\"https://movies-momoyu.oss-cn-chengdu.aliyuncs.com/20231225/bb1a8ea425a845a7a2c86da4c2dc379c.jpg\",\"https://movies-momoyu.oss-cn-chengdu.aliyuncs.com/20231225/ec38799949a0446696cdb834561db78c.jpg\",\"https://movies-momoyu.oss-cn-chengdu.aliyuncs.com/20231225/8df34020d60e4e17b51ea43911b1f563.jpg\",\"https://movies-momoyu.oss-cn-chengdu.aliyuncs.com/20231225/5662610edfda4799a136c841edf30a3b.jpg\",\"https://movies-momoyu.oss-cn-chengdu.aliyuncs.com/20231225/55af0fbf91ad4df8830bf0da578efb6b.jpg\",\"https://movies-momoyu.oss-cn-chengdu.aliyuncs.com/20231225/33608748904946ba89c45c0e3bc208be.jpg\"]', 10000071, 11, 1, 0, '2023-12-25 17:57:58', 0, NULL, 'poor嘻嘻嘻嘻嘻', 'https://movies-momoyu.oss-cn-chengdu.aliyuncs.com/20231225/d7e9f30a55ff47609d22cbd16f3d2a00.jpg', 2, 8, '221.182.16.84', '四川省-成都市', 0);
INSERT INTO `tb_post` (`id`, `content`, `file_urls`, `user_id`, `circle_id`, `status`, `type`, `create_time`, `file_type`, `discuss_id`, `title`, `image`, `dz_count`, `read_numer`, `ip`, `ip_locate`, `post_class`) VALUES (481, '3213123qwdsdweeqwwqewqeqw', '[\"https://movies-momoyu.oss-cn-chengdu.aliyuncs.com/20231225/a84ed36e3f9448a291b050529ac21e2c.png\"]', 1, 11, 1, 0, '2023-12-25 20:22:56', 0, NULL, 'dsadsadsad', 'https://movies-momoyu.oss-cn-chengdu.aliyuncs.com/20231225/a84ed36e3f9448a291b050529ac21e2c.png', 3, 56, '192.168.3.30', '0-内网IP', 0);
INSERT INTO `tb_post` (`id`, `content`, `file_urls`, `user_id`, `circle_id`, `status`, `type`, `create_time`, `file_type`, `discuss_id`, `title`, `image`, `dz_count`, `read_numer`, `ip`, `ip_locate`, `post_class`) VALUES (491, '恭喜发财', '[]', 10000071, 11, 1, 1, '2023-12-29 22:52:55', NULL, NULL, '恭喜发财', NULL, 0, 1, '222.209.116.187', '四川省-成都市', 1);
INSERT INTO `tb_post` (`id`, `content`, `file_urls`, `user_id`, `circle_id`, `status`, `type`, `create_time`, `file_type`, `discuss_id`, `title`, `image`, `dz_count`, `read_numer`, `ip`, `ip_locate`, `post_class`) VALUES (501, '高桌子低板凳都是木头', '[\"https://movies-momoyu.oss-cn-chengdu.aliyuncs.com/20240112/5e16566ac025420e877823f4fdb8ae22.jpg\"]', 10000000, 11, 2, 0, '2024-01-12 14:44:55', 0, NULL, '他大舅他二舅都是他舅', 'https://movies-momoyu.oss-cn-chengdu.aliyuncs.com/20240112/5e16566ac025420e877823f4fdb8ae22.jpg', 1, 3, '192.168.1.31', '0-内网IP', 0);
INSERT INTO `tb_post` (`id`, `content`, `file_urls`, `user_id`, `circle_id`, `status`, `type`, `create_time`, `file_type`, `discuss_id`, `title`, `image`, `dz_count`, `read_numer`, `ip`, `ip_locate`, `post_class`) VALUES (511, '3213213131', '[\"https://movies-momoyu.oss-cn-chengdu.aliyuncs.com/20240126/9c702febd9084a0e813707c10201a3af.mov\"]', 10000141, 31, 0, 0, '2024-01-26 16:29:40', 1, NULL, '32132131', 'https://movies-momoyu.oss-cn-chengdu.aliyuncs.com/20240126/9c702febd9084a0e813707c10201a3af.mov?spm=qipa250&x-oss-process=video/snapshot,t_7000,f_jpg,m_fast,ar_auto', 0, 1, '192.168.1.15', '0-内网IP', 0);
INSERT INTO `tb_post` (`id`, `content`, `file_urls`, `user_id`, `circle_id`, `status`, `type`, `create_time`, `file_type`, `discuss_id`, `title`, `image`, `dz_count`, `read_numer`, `ip`, `ip_locate`, `post_class`) VALUES (521, '132131321331', '[\"https://movies-momoyu.oss-cn-chengdu.aliyuncs.com/20240126/3f271525a0b847b1ab8265db64fae906.jpg\",\"https://movies-momoyu.oss-cn-chengdu.aliyuncs.com/20240126/e4911365388c411ca0e0c95b14fcb918.webp\",\"https://movies-momoyu.oss-cn-chengdu.aliyuncs.com/20240126/1eeb34637e404e59b79b601959006c71.jpg\"]', 10000141, 31, 0, 0, '2024-01-26 16:30:21', 0, NULL, '3123213213', 'https://movies-momoyu.oss-cn-chengdu.aliyuncs.com/20240126/3f271525a0b847b1ab8265db64fae906.jpg', 0, 1, '192.168.1.15', '0-内网IP', 0);
COMMIT;

-- ----------------------------
-- Table structure for tb_report
-- ----------------------------
DROP TABLE IF EXISTS `tb_report`;
CREATE TABLE `tb_report` (
  `id` bigint NOT NULL AUTO_INCREMENT COMMENT 'ID',
  `status` int DEFAULT NULL COMMENT '处理进度(0待处理1已处理2已关闭)',
  `from_user` bigint DEFAULT NULL COMMENT '举报者Id',
  `to_user` bigint DEFAULT NULL COMMENT '被举报者ID',
  `reasons` varchar(255) CHARACTER SET utf8mb4 COLLATE utf8mb4_0900_bin DEFAULT NULL COMMENT '举报原因',
  `create_time` datetime DEFAULT NULL COMMENT '举报时间',
  `screen_shot` longtext CHARACTER SET utf8mb4 COLLATE utf8mb4_0900_bin COMMENT '举报截屏的URL,多条以^分割',
  `post_id` bigint DEFAULT NULL COMMENT '被举报的帖子ID',
  `circle_id` bigint DEFAULT NULL COMMENT '被举报的圈子ID',
  `content` longtext CHARACTER SET utf8mb4 COLLATE utf8mb4_0900_bin COMMENT '举报内容',
  PRIMARY KEY (`id`) USING BTREE
) ENGINE=InnoDB AUTO_INCREMENT=12 DEFAULT CHARSET=utf8mb4 COLLATE=utf8mb4_0900_bin COMMENT='举报表';

-- ----------------------------
-- Records of tb_report
-- ----------------------------
BEGIN;
INSERT INTO `tb_report` (`id`, `status`, `from_user`, `to_user`, `reasons`, `create_time`, `screen_shot`, `post_id`, `circle_id`, `content`) VALUES (1, 0, 10000061, 1, '涉政', NULL, '[\"https://movies-momoyu.oss-cn-chengdu.aliyuncs.com/20231221/55153286b480477b8587cd992d964f4a.jpg\"]', 341, 11, '杀人啦举报啦');
INSERT INTO `tb_report` (`id`, `status`, `from_user`, `to_user`, `reasons`, `create_time`, `screen_shot`, `post_id`, `circle_id`, `content`) VALUES (11, 0, 1, 10000001, '辱骂', NULL, '[\"https://movies-momoyu.oss-cn-chengdu.aliyuncs.com/20240105/26db3c7562de4bcaa5a0e5002d84166e.png\",\"https://movies-momoyu.oss-cn-chengdu.aliyuncs.com/20240105/342843eba8fd4fcf8d6c7fbd254ddb09.png\",\"https://movies-momoyu.oss-cn-chengdu.aliyuncs.com/20240105/f079ddaf4ab940a382f259cceba83ba2.jpg\",\"https://movies-momoyu.oss-cn-chengdu.aliyuncs.com/20240105/6823ca8ca62d4e499fbf9b191e67d6aa.jpg\"]', 441, 1, '摸摸');
COMMIT;

-- ----------------------------
-- Table structure for tb_token
-- ----------------------------
DROP TABLE IF EXISTS `tb_token`;
CREATE TABLE `tb_token` (
  `id` bigint NOT NULL AUTO_INCREMENT COMMENT 'id',
  `user_id` bigint NOT NULL COMMENT '用户ID',
  `token` varchar(100) NOT NULL COMMENT 'token',
  `expire_date` datetime DEFAULT NULL COMMENT '过期时间',
  `update_date` datetime DEFAULT NULL COMMENT '更新时间',
  PRIMARY KEY (`id`),
  UNIQUE KEY `user_id` (`user_id`),
  UNIQUE KEY `token` (`token`)
) ENGINE=InnoDB AUTO_INCREMENT=1723215383407743201 DEFAULT CHARSET=utf8mb3 COMMENT='用户Token';

-- ----------------------------
-- Records of tb_token
-- ----------------------------
BEGIN;
INSERT INTO `tb_token` (`id`, `user_id`, `token`, `expire_date`, `update_date`) VALUES (1723215383407743021, 1, '83f541ce6d38424fa9a7f1557b2968d1', '2024-02-07 15:40:53', '2024-01-23 15:40:53');
INSERT INTO `tb_token` (`id`, `user_id`, `token`, `expire_date`, `update_date`) VALUES (1723215383407743031, 11, '716363f9e23045c495c18108ef944700', '2024-01-20 16:14:17', '2024-01-05 16:14:17');
INSERT INTO `tb_token` (`id`, `user_id`, `token`, `expire_date`, `update_date`) VALUES (1723215383407743041, 10000000, 'a53af8aad9534599be48cff356a15cc5', '2024-02-07 15:39:28', '2024-01-23 15:39:28');
INSERT INTO `tb_token` (`id`, `user_id`, `token`, `expire_date`, `update_date`) VALUES (1723215383407743051, 10000001, '14659582f968420cb611a303802c736d', '2024-02-03 10:21:35', '2024-01-19 10:21:35');
INSERT INTO `tb_token` (`id`, `user_id`, `token`, `expire_date`, `update_date`) VALUES (1723215383407743061, 10000011, '1733d303046042099d27dd2fd9a88e77', '2023-12-23 21:24:30', '2023-12-08 21:24:30');
INSERT INTO `tb_token` (`id`, `user_id`, `token`, `expire_date`, `update_date`) VALUES (1723215383407743071, 10000021, '3d403de91b094019816ff0f92a209c77', '2023-12-29 19:42:43', '2023-12-14 19:42:43');
INSERT INTO `tb_token` (`id`, `user_id`, `token`, `expire_date`, `update_date`) VALUES (1723215383407743081, 10000031, 'a84f7847a2094febb6fceabccc45d92a', '2023-12-30 17:23:59', '2023-12-15 17:23:59');
INSERT INTO `tb_token` (`id`, `user_id`, `token`, `expire_date`, `update_date`) VALUES (1723215383407743091, 10000041, '0103bee9293645bfb01799c78e3ac736', '2024-01-09 20:11:27', '2023-12-25 20:11:27');
INSERT INTO `tb_token` (`id`, `user_id`, `token`, `expire_date`, `update_date`) VALUES (1723215383407743101, 10000051, '556fab9948314e87b0b3a0eddfb186c6', '2023-12-30 22:16:05', '2023-12-15 22:16:05');
INSERT INTO `tb_token` (`id`, `user_id`, `token`, `expire_date`, `update_date`) VALUES (1723215383407743111, 10000061, '272aac3a62ff4855a25d168c9a69c87c', '2024-01-05 14:47:58', '2023-12-21 14:47:58');
INSERT INTO `tb_token` (`id`, `user_id`, `token`, `expire_date`, `update_date`) VALUES (1723215383407743121, 10000071, 'f21a9c560aa54060a2ba7913a156a2ee', '2024-01-09 18:01:36', '2023-12-25 18:01:36');
INSERT INTO `tb_token` (`id`, `user_id`, `token`, `expire_date`, `update_date`) VALUES (1723215383407743131, 10000081, '3fa2c03d9d0d47ab9d67f400984f465d', '2024-01-24 17:16:00', '2024-01-09 17:16:00');
INSERT INTO `tb_token` (`id`, `user_id`, `token`, `expire_date`, `update_date`) VALUES (1723215383407743141, 10000091, '52dffb0a88cf4d61a3676d6f6ee07be1', '2024-02-06 15:18:20', '2024-01-22 15:18:20');
INSERT INTO `tb_token` (`id`, `user_id`, `token`, `expire_date`, `update_date`) VALUES (1723215383407743151, 10000101, '2958ab066e5447148e3b3a8a9cac026d', '2024-02-03 10:28:39', '2024-01-19 10:28:39');
INSERT INTO `tb_token` (`id`, `user_id`, `token`, `expire_date`, `update_date`) VALUES (1723215383407743161, 10000111, '9de5dababbf84e02aea917b5a444b812', '2024-02-06 17:02:04', '2024-01-22 17:02:04');
INSERT INTO `tb_token` (`id`, `user_id`, `token`, `expire_date`, `update_date`) VALUES (1723215383407743171, 10000121, 'ad2bbce93ba94c4ba07855d0c1fe6c76', '2024-02-06 17:50:30', '2024-01-22 17:50:30');
INSERT INTO `tb_token` (`id`, `user_id`, `token`, `expire_date`, `update_date`) VALUES (1723215383407743181, 10000131, '315e51479006414da566b81776567e6a', '2024-02-06 17:51:03', '2024-01-22 17:51:03');
INSERT INTO `tb_token` (`id`, `user_id`, `token`, `expire_date`, `update_date`) VALUES (1723215383407743191, 10000141, '149c3e3c567a49929e6a1251e7a40899', '2024-02-10 16:23:36', '2024-01-26 16:23:36');
COMMIT;

-- ----------------------------
-- Table structure for tb_user
-- ----------------------------
DROP TABLE IF EXISTS `tb_user`;
CREATE TABLE `tb_user` (
  `id` bigint NOT NULL AUTO_INCREMENT COMMENT 'id',
  `nick_name` varchar(50) CHARACTER SET utf8 COLLATE utf8_general_ci DEFAULT NULL COMMENT '用户名',
  `create_time` datetime DEFAULT NULL COMMENT '创建时间',
  `cion` decimal(10,2) DEFAULT NULL COMMENT '金币数量',
  `balance` decimal(10,2) DEFAULT '0.00' COMMENT '提现余额',
  `avatar` varchar(255) CHARACTER SET utf8 COLLATE utf8_general_ci DEFAULT NULL COMMENT '用户头像',
  `pass_word` varchar(255) CHARACTER SET utf8 COLLATE utf8_general_ci NOT NULL COMMENT '密码',
  `vip_date` datetime DEFAULT NULL COMMENT 'VIP到期时间',
  `wx_openid` varchar(255) DEFAULT NULL COMMENT '微信openid',
  `wx_unionid` varchar(255) DEFAULT NULL COMMENT '微信Unionid',
  `email` varchar(255) DEFAULT NULL COMMENT '邮箱',
  `mobile` varchar(255) DEFAULT NULL COMMENT '手机号',
  `gender` int DEFAULT NULL COMMENT '性别(0男1女2未知)',
  `birth` varchar(255) DEFAULT NULL COMMENT '生日',
  `emotion` varchar(255) DEFAULT NULL COMMENT '婚姻状态',
  `job` varchar(255) DEFAULT NULL COMMENT '职位',
  `city` varchar(255) DEFAULT NULL COMMENT '城市',
  `post_proportion` decimal(10,2) DEFAULT '0.00' COMMENT '圈子内付费贴分成比例',
  `withdrawal_proportion` decimal(10,2) DEFAULT '0.00' COMMENT '提现比例',
  `level` int DEFAULT NULL COMMENT '等级',
  `experience` bigint DEFAULT NULL COMMENT '经验',
  `bg_img` longtext COMMENT '个人中心背景图',
  `constellation` varchar(24) DEFAULT NULL COMMENT '星座',
  `login_ip` varchar(255) DEFAULT NULL COMMENT 'IP',
  `last_login_time` datetime DEFAULT NULL COMMENT '最后活跃时间',
  `signature` varchar(255) DEFAULT NULL COMMENT '个性签名',
  `status` int DEFAULT '0' COMMENT '用户状态(0正常1封禁)',
  `lock_reason` varchar(255) CHARACTER SET utf8 COLLATE utf8_general_ci DEFAULT NULL COMMENT '封禁原因',
  PRIMARY KEY (`id`) USING BTREE,
  UNIQUE KEY `username` (`nick_name`)
) ENGINE=InnoDB AUTO_INCREMENT=10000151 DEFAULT CHARSET=utf8mb3 COMMENT='用户';

-- ----------------------------
-- Records of tb_user
-- ----------------------------
BEGIN;
INSERT INTO `tb_user` (`id`, `nick_name`, `create_time`, `cion`, `balance`, `avatar`, `pass_word`, `vip_date`, `wx_openid`, `wx_unionid`, `email`, `mobile`, `gender`, `birth`, `emotion`, `job`, `city`, `post_proportion`, `withdrawal_proportion`, `level`, `experience`, `bg_img`, `constellation`, `login_ip`, `last_login_time`, `signature`, `status`, `lock_reason`) VALUES (1, '奥特曼打猪', '2023-11-28 17:41:33', 13.00, 18.80, 'https://dazhi-chatting.oss-cn-chengdu.aliyuncs.com/20231215/eebd4e1b2ce8491b98b9bfbf05f672c0.jpeg', '8d969eef6ecad3c29a3a629280e686cf0c3f5d5a86aff3ca12020c923adc6c92', '2024-11-28 17:41:33', NULL, NULL, 'shican1234@icloud.com', '18349373569', 1, '1986-08-13', '已婚', '销售类', '北京市-市辖区-西城区', 90.00, 0.00, 2, 68, 'https://movies-momoyu.oss-cn-chengdu.aliyuncs.com/20231222/ad30997a35fd44fe9159b6ac05b4e14d.jpeg', '狮子座', '192.168.1.15', '2024-01-23 16:22:41', '我是洪帮反贼!!!!', 0, NULL);
INSERT INTO `tb_user` (`id`, `nick_name`, `create_time`, `cion`, `balance`, `avatar`, `pass_word`, `vip_date`, `wx_openid`, `wx_unionid`, `email`, `mobile`, `gender`, `birth`, `emotion`, `job`, `city`, `post_proportion`, `withdrawal_proportion`, `level`, `experience`, `bg_img`, `constellation`, `login_ip`, `last_login_time`, `signature`, `status`, `lock_reason`) VALUES (11, '活泼的红牛', '2023-11-28 17:43:49', 0.00, 1.20, 'https://dazhi-chatting.oss-cn-chengdu.aliyuncs.com/20231208/61b6a2c4815e4df5af4aaa62b4e95c83.jpg', '8d969eef6ecad3c29a3a629280e686cf0c3f5d5a86aff3ca12020c923adc6c92', '2023-11-28 17:43:49', NULL, NULL, '1208296327@qq.com', NULL, 0, '2023-12-08', '1', '6', '安徽省-合肥市-瑶海区', 90.00, 0.00, 1, 0, NULL, NULL, '192.168.1.15', '2024-01-05 16:19:21', NULL, 0, NULL);
INSERT INTO `tb_user` (`id`, `nick_name`, `create_time`, `cion`, `balance`, `avatar`, `pass_word`, `vip_date`, `wx_openid`, `wx_unionid`, `email`, `mobile`, `gender`, `birth`, `emotion`, `job`, `city`, `post_proportion`, `withdrawal_proportion`, `level`, `experience`, `bg_img`, `constellation`, `login_ip`, `last_login_time`, `signature`, `status`, `lock_reason`) VALUES (10000000, '哈试试1', '2023-12-20 14:32:03', 18.00, 400.00, 'https://dazhi-chatting.oss-cn-chengdu.aliyuncs.com/20231205/ee431d63f3db4ab68fefb3c7bd0a8e5a.jpg', '8bb0cf6eb9b17d0f7d22b456f121257dc1254e1f01665370476383ea776df414', '2024-01-19 14:33:14', NULL, NULL, NULL, '17188399444', 0, '2009-12-30', '3', '2', '辽宁省-沈阳市-和平区', 0.00, 80.00, 1, 35, 'https://movies-momoyu.oss-cn-chengdu.aliyuncs.com/20231226/965b3ba7bc13481fb93146fd9f8966f3.png', '摩羯座', '192.168.1.20', '2024-01-23 16:55:11', NULL, 0, NULL);
INSERT INTO `tb_user` (`id`, `nick_name`, `create_time`, `cion`, `balance`, `avatar`, `pass_word`, `vip_date`, `wx_openid`, `wx_unionid`, `email`, `mobile`, `gender`, `birth`, `emotion`, `job`, `city`, `post_proportion`, `withdrawal_proportion`, `level`, `experience`, `bg_img`, `constellation`, `login_ip`, `last_login_time`, `signature`, `status`, `lock_reason`) VALUES (10000001, '英俊的枕头', '2023-12-04 17:36:43', 990.00, 1.00, 'https://movies-momoyu.oss-cn-chengdu.aliyuncs.com/20231223/3390511a5f3c43058a1dba9fe233f199.jpg', '8d969eef6ecad3c29a3a629280e686cf0c3f5d5a86aff3ca12020c923adc6c92', '2023-12-04 17:36:43', NULL, NULL, NULL, '13541449603', 0, '2010-12-01', '已婚', '技术类', '安徽省-安庆市-安徽安庆经济开发区', 0.00, 0.00, 1, 0, 'https://movies-momoyu.oss-cn-chengdu.aliyuncs.com/20231223/7b2ee5f4a58240f394b5e0dcf08829b8.jpg', '射手座', '127.0.0.1', '2024-01-19 16:38:19', NULL, 0, NULL);
INSERT INTO `tb_user` (`id`, `nick_name`, `create_time`, `cion`, `balance`, `avatar`, `pass_word`, `vip_date`, `wx_openid`, `wx_unionid`, `email`, `mobile`, `gender`, `birth`, `emotion`, `job`, `city`, `post_proportion`, `withdrawal_proportion`, `level`, `experience`, `bg_img`, `constellation`, `login_ip`, `last_login_time`, `signature`, `status`, `lock_reason`) VALUES (10000011, '积极的人字拖', '2023-12-08 21:24:30', 1000.00, 0.00, 'https://dazhi-chatting.oss-cn-chengdu.aliyuncs.com/20231110/a36ba97c38404eb2a337daa45f0f13da.jpg', '8d969eef6ecad3c29a3a629280e686cf0c3f5d5a86aff3ca12020c923adc6c92', '2023-12-08 21:24:30', NULL, NULL, NULL, '17312122212', 0, NULL, NULL, NULL, NULL, 0.00, 0.00, 1, 0, NULL, NULL, NULL, NULL, NULL, 0, NULL);
INSERT INTO `tb_user` (`id`, `nick_name`, `create_time`, `cion`, `balance`, `avatar`, `pass_word`, `vip_date`, `wx_openid`, `wx_unionid`, `email`, `mobile`, `gender`, `birth`, `emotion`, `job`, `city`, `post_proportion`, `withdrawal_proportion`, `level`, `experience`, `bg_img`, `constellation`, `login_ip`, `last_login_time`, `signature`, `status`, `lock_reason`) VALUES (10000021, '爱运动的多啦A梦', '2023-12-14 19:42:43', 1000.00, 0.00, 'https://dazhi-chatting.oss-cn-chengdu.aliyuncs.com/20231110/a36ba97c38404eb2a337daa45f0f13da.jpg', '8d969eef6ecad3c29a3a629280e686cf0c3f5d5a86aff3ca12020c923adc6c92', '2023-12-14 19:42:43', NULL, NULL, NULL, '19112345678', 0, NULL, NULL, NULL, NULL, 0.00, 0.00, 1, 0, NULL, NULL, NULL, NULL, NULL, 0, NULL);
INSERT INTO `tb_user` (`id`, `nick_name`, `create_time`, `cion`, `balance`, `avatar`, `pass_word`, `vip_date`, `wx_openid`, `wx_unionid`, `email`, `mobile`, `gender`, `birth`, `emotion`, `job`, `city`, `post_proportion`, `withdrawal_proportion`, `level`, `experience`, `bg_img`, `constellation`, `login_ip`, `last_login_time`, `signature`, `status`, `lock_reason`) VALUES (10000031, '老迟到的绿巨人', '2023-12-15 17:23:59', 1000.00, 210.00, 'https://dazhi-chatting.oss-cn-chengdu.aliyuncs.com/20231110/a36ba97c38404eb2a337daa45f0f13da.jpg', '8d969eef6ecad3c29a3a629280e686cf0c3f5d5a86aff3ca12020c923adc6c92', '2023-12-15 17:23:59', NULL, NULL, NULL, '13541449604', 0, NULL, NULL, NULL, NULL, 20.00, 0.00, 1, 0, NULL, NULL, NULL, NULL, NULL, 0, NULL);
INSERT INTO `tb_user` (`id`, `nick_name`, `create_time`, `cion`, `balance`, `avatar`, `pass_word`, `vip_date`, `wx_openid`, `wx_unionid`, `email`, `mobile`, `gender`, `birth`, `emotion`, `job`, `city`, `post_proportion`, `withdrawal_proportion`, `level`, `experience`, `bg_img`, `constellation`, `login_ip`, `last_login_time`, `signature`, `status`, `lock_reason`) VALUES (10000041, '卷发的板凳', '2023-12-15 20:41:09', 957.00, 0.00, 'https://dazhi-chatting.oss-cn-chengdu.aliyuncs.com/20231110/a36ba97c38404eb2a337daa45f0f13da.jpg', '8d969eef6ecad3c29a3a629280e686cf0c3f5d5a86aff3ca12020c923adc6c92', '2023-12-15 20:41:09', NULL, NULL, '1421290931@qq.com', NULL, 0, NULL, NULL, NULL, NULL, 0.00, 0.00, 1, 0, NULL, NULL, '221.182.16.84', '2024-01-02 09:24:13', NULL, 0, NULL);
INSERT INTO `tb_user` (`id`, `nick_name`, `create_time`, `cion`, `balance`, `avatar`, `pass_word`, `vip_date`, `wx_openid`, `wx_unionid`, `email`, `mobile`, `gender`, `birth`, `emotion`, `job`, `city`, `post_proportion`, `withdrawal_proportion`, `level`, `experience`, `bg_img`, `constellation`, `login_ip`, `last_login_time`, `signature`, `status`, `lock_reason`) VALUES (10000051, '星星上的丰田', '2023-12-15 22:16:05', 1000.00, 0.00, 'https://dazhi-chatting.oss-cn-chengdu.aliyuncs.com/20231110/a36ba97c38404eb2a337daa45f0f13da.jpg', '8d969eef6ecad3c29a3a629280e686cf0c3f5d5a86aff3ca12020c923adc6c92', '2023-12-15 22:16:05', NULL, NULL, NULL, '18683710787', 0, NULL, NULL, NULL, NULL, 0.00, 0.00, 1, 0, NULL, NULL, NULL, NULL, NULL, 0, NULL);
INSERT INTO `tb_user` (`id`, `nick_name`, `create_time`, `cion`, `balance`, `avatar`, `pass_word`, `vip_date`, `wx_openid`, `wx_unionid`, `email`, `mobile`, `gender`, `birth`, `emotion`, `job`, `city`, `post_proportion`, `withdrawal_proportion`, `level`, `experience`, `bg_img`, `constellation`, `login_ip`, `last_login_time`, `signature`, `status`, `lock_reason`) VALUES (10000061, '健康的数据线', '2023-12-21 14:47:58', 957.00, 0.00, 'https://dazhi-chatting.oss-cn-chengdu.aliyuncs.com/20231110/a36ba97c38404eb2a337daa45f0f13da.jpg', '8d969eef6ecad3c29a3a629280e686cf0c3f5d5a86aff3ca12020c923adc6c92', '2023-12-21 14:47:58', NULL, NULL, NULL, '13412341231', 2, NULL, NULL, NULL, NULL, 0.00, 0.00, 1, 0, NULL, NULL, '192.168.1.15', '2024-01-04 16:49:10', NULL, 0, NULL);
INSERT INTO `tb_user` (`id`, `nick_name`, `create_time`, `cion`, `balance`, `avatar`, `pass_word`, `vip_date`, `wx_openid`, `wx_unionid`, `email`, `mobile`, `gender`, `birth`, `emotion`, `job`, `city`, `post_proportion`, `withdrawal_proportion`, `level`, `experience`, `bg_img`, `constellation`, `login_ip`, `last_login_time`, `signature`, `status`, `lock_reason`) VALUES (10000071, '怕孤单的领带', '2023-12-25 17:22:11', 989.00, 2.00, 'https://dazhi-chatting.oss-cn-chengdu.aliyuncs.com/20231110/a36ba97c38404eb2a337daa45f0f13da.jpg', '8d969eef6ecad3c29a3a629280e686cf0c3f5d5a86aff3ca12020c923adc6c92', '2023-12-25 17:22:11', NULL, NULL, NULL, '18349367235', 2, '保密', '保密', '保密', '保密', 10.00, 10.00, 1, 0, NULL, NULL, '110.185.92.28', '2024-01-07 18:09:59', '这个用户很懒,什么都没说~', 0, NULL);
INSERT INTO `tb_user` (`id`, `nick_name`, `create_time`, `cion`, `balance`, `avatar`, `pass_word`, `vip_date`, `wx_openid`, `wx_unionid`, `email`, `mobile`, `gender`, `birth`, `emotion`, `job`, `city`, `post_proportion`, `withdrawal_proportion`, `level`, `experience`, `bg_img`, `constellation`, `login_ip`, `last_login_time`, `signature`, `status`, `lock_reason`) VALUES (10000081, '土星上的楼房', '2024-01-09 16:52:49', 0.00, 0.00, 'https://dazhi-chatting.oss-cn-chengdu.aliyuncs.com/20231110/a36ba97c38404eb2a337daa45f0f13da.jpg', '8d969eef6ecad3c29a3a629280e686cf0c3f5d5a86aff3ca12020c923adc6c92', '2024-01-09 16:52:49', 'o9_ub4tRr1JxJbCmD_JatefD5fCIM', 'o60v1i6Iu06-R-Xzyjq4fHtYQriOw', NULL, '18721331234', 2, '保密', '保密', '保密', '保密', 10.00, 10.00, 1, 0, NULL, NULL, '127.0.0.1', '2024-01-19 17:07:59', '这个用户很懒,什么都没说~', 0, NULL);
INSERT INTO `tb_user` (`id`, `nick_name`, `create_time`, `cion`, `balance`, `avatar`, `pass_word`, `vip_date`, `wx_openid`, `wx_unionid`, `email`, `mobile`, `gender`, `birth`, `emotion`, `job`, `city`, `post_proportion`, `withdrawal_proportion`, `level`, `experience`, `bg_img`, `constellation`, `login_ip`, `last_login_time`, `signature`, `status`, `lock_reason`) VALUES (10000091, '斯文的新司机', '2024-01-09 17:21:09', 2.00, 0.00, 'https://dazhi-chatting.oss-cn-chengdu.aliyuncs.com/20231110/a36ba97c38404eb2a337daa45f0f13da.jpg', '8d969eef6ecad3c29a3a629280e686cf0c3f5d5a86aff3ca12020c923adc6c92', '2024-01-09 17:21:09', 'oMxCn6MjQg3OZhI0ZMF8k1lRy1kE', 'o60vi6Iu06-R-Xzyjq4fHtYQriOw', NULL, '19821231234', 2, '保密', '保密', '保密', '保密', 10.00, 10.00, 1, 5, NULL, NULL, '192.168.1.15', '2024-01-22 15:58:54', '这个用户很懒,什么都没说~', 0, '违规');
INSERT INTO `tb_user` (`id`, `nick_name`, `create_time`, `cion`, `balance`, `avatar`, `pass_word`, `vip_date`, `wx_openid`, `wx_unionid`, `email`, `mobile`, `gender`, `birth`, `emotion`, `job`, `city`, `post_proportion`, `withdrawal_proportion`, `level`, `experience`, `bg_img`, `constellation`, `login_ip`, `last_login_time`, `signature`, `status`, `lock_reason`) VALUES (10000101, '酷酷的抽屉', '2024-01-19 10:28:38', 0.00, 0.00, 'https://dazhi-chatting.oss-cn-chengdu.aliyuncs.com/20231110/a36ba97c38404eb2a337daa45f0f13da.jpg', 'ec4d1153a96621e38d5e71cb9147d5a5b8865ce7f6cbd30f8cc3d7cd5f33cbe5', '2024-01-19 10:28:38', NULL, NULL, NULL, '17222334456', 2, '1900-01-01', '保密', '保密', '保密', 10.00, 10.00, 1, 0, NULL, NULL, '192.168.1.15', '2024-01-19 11:37:38', '这个用户很懒,什么都没说~', 0, NULL);
INSERT INTO `tb_user` (`id`, `nick_name`, `create_time`, `cion`, `balance`, `avatar`, `pass_word`, `vip_date`, `wx_openid`, `wx_unionid`, `email`, `mobile`, `gender`, `birth`, `emotion`, `job`, `city`, `post_proportion`, `withdrawal_proportion`, `level`, `experience`, `bg_img`, `constellation`, `login_ip`, `last_login_time`, `signature`, `status`, `lock_reason`) VALUES (10000111, '开朗的沙滩裤', '2024-01-22 14:25:34', 0.00, 500.00, 'https://dazhi-chatting.oss-cn-chengdu.aliyuncs.com/20231110/a36ba97c38404eb2a337daa45f0f13da.jpg', '8d969eef6ecad3c29a3a629280e686cf0c3f5d5a86aff3ca12020c923adc6c92', '2024-01-22 14:25:34', 'o9_ub4kO3Q7VHCjipog2-85OCh9M', 'o60vi6F_RyD8Vr4XyatQEC4tKe38', NULL, '18783842596', 2, '1900-01-01', '保密', '保密', '保密', 10.00, 10.00, 1, 0, NULL, NULL, '192.168.1.31', '2024-01-22 17:02:08', '这个用户很懒,什么都没说~', 0, NULL);
INSERT INTO `tb_user` (`id`, `nick_name`, `create_time`, `cion`, `balance`, `avatar`, `pass_word`, `vip_date`, `wx_openid`, `wx_unionid`, `email`, `mobile`, `gender`, `birth`, `emotion`, `job`, `city`, `post_proportion`, `withdrawal_proportion`, `level`, `experience`, `bg_img`, `constellation`, `login_ip`, `last_login_time`, `signature`, `status`, `lock_reason`) VALUES (10000121, '健康的原谅帽', '2024-01-22 17:50:29', 0.00, 0.00, 'https://dazhi-chatting.oss-cn-chengdu.aliyuncs.com/20231110/a36ba97c38404eb2a337daa45f0f13da.jpg', '8d969eef6ecad3c29a3a629280e686cf0c3f5d5a86aff3ca12020c923adc6c92', '2024-01-22 17:50:29', NULL, NULL, NULL, NULL, 2, '1900-01-01', '保密', '保密', '保密', 10.00, 10.00, 1, 0, NULL, NULL, NULL, NULL, '这个用户很懒,什么都没说~', 0, NULL);
INSERT INTO `tb_user` (`id`, `nick_name`, `create_time`, `cion`, `balance`, `avatar`, `pass_word`, `vip_date`, `wx_openid`, `wx_unionid`, `email`, `mobile`, `gender`, `birth`, `emotion`, `job`, `city`, `post_proportion`, `withdrawal_proportion`, `level`, `experience`, `bg_img`, `constellation`, `login_ip`, `last_login_time`, `signature`, `status`, `lock_reason`) VALUES (10000131, '从容的悟空', '2024-01-22 17:51:03', 0.00, 0.00, 'https://dazhi-chatting.oss-cn-chengdu.aliyuncs.com/20231110/a36ba97c38404eb2a337daa45f0f13da.jpg', '8d969eef6ecad3c29a3a629280e686cf0c3f5d5a86aff3ca12020c923adc6c92', '2024-01-22 17:51:03', NULL, NULL, NULL, NULL, 2, '1900-01-01', '保密', '保密', '保密', 10.00, 10.00, 1, 0, NULL, NULL, NULL, NULL, '这个用户很懒,什么都没说~', 0, NULL);
INSERT INTO `tb_user` (`id`, `nick_name`, `create_time`, `cion`, `balance`, `avatar`, `pass_word`, `vip_date`, `wx_openid`, `wx_unionid`, `email`, `mobile`, `gender`, `birth`, `emotion`, `job`, `city`, `post_proportion`, `withdrawal_proportion`, `level`, `experience`, `bg_img`, `constellation`, `login_ip`, `last_login_time`, `signature`, `status`, `lock_reason`) VALUES (10000141, '热情的饭卡', '2024-01-26 16:23:36', 0.00, 0.00, 'https://dazhi-chatting.oss-cn-chengdu.aliyuncs.com/20231110/a36ba97c38404eb2a337daa45f0f13da.jpg', '8d969eef6ecad3c29a3a629280e686cf0c3f5d5a86aff3ca12020c923adc6c92', '2024-01-26 16:23:36', NULL, NULL, NULL, '13111223333', 2, '1900-01-01', '保密', '保密', '保密', 10.00, 10.00, 1, 5, NULL, NULL, '192.168.1.15', '2024-01-26 17:31:29', '这个用户很懒,什么都没说~', 0, NULL);
COMMIT;

-- ----------------------------
-- Table structure for tb_user_feedback
-- ----------------------------
DROP TABLE IF EXISTS `tb_user_feedback`;
CREATE TABLE `tb_user_feedback` (
  `id` bigint NOT NULL AUTO_INCREMENT COMMENT '主键ID',
  `user_id` bigint DEFAULT NULL COMMENT '反馈用户ID',
  `user_name` varchar(255) CHARACTER SET utf8mb4 COLLATE utf8mb4_general_ci DEFAULT NULL COMMENT '联系名称',
  `contact_information` varchar(255) CHARACTER SET utf8mb4 COLLATE utf8mb4_general_ci DEFAULT NULL COMMENT '联系方式',
  `img` longtext CHARACTER SET utf8mb4 COLLATE utf8mb4_general_ci COMMENT '反馈图片',
  `feedback_content` text CHARACTER SET utf8mb4 COLLATE utf8mb4_general_ci COMMENT '回复内容',
  `reply_content` text CHARACTER SET utf8mb4 COLLATE utf8mb4_general_ci COMMENT '回复内容',
  `type` int DEFAULT NULL COMMENT '回复状态(0:未回复  1:已回复)',
  `status` int DEFAULT NULL COMMENT '是否解决(0:为解决 1:已解决 2:未知)',
  `feedback_time` datetime DEFAULT NULL COMMENT '反馈时间',
  `reply_time` varchar(255) CHARACTER SET utf8mb4 COLLATE utf8mb4_general_ci DEFAULT NULL COMMENT '回复时间',
  PRIMARY KEY (`id`)
) ENGINE=InnoDB AUTO_INCREMENT=1726529728844234941 DEFAULT CHARSET=utf8mb4 COLLATE=utf8mb4_general_ci;

-- ----------------------------
-- Records of tb_user_feedback
-- ----------------------------
BEGIN;
INSERT INTO `tb_user_feedback` (`id`, `user_id`, `user_name`, `contact_information`, `img`, `feedback_content`, `reply_content`, `type`, `status`, `feedback_time`, `reply_time`) VALUES (1726529728844234801, 10000000, 'dsadsa', '17188399444', '[\"https://movies-momoyu.oss-cn-chengdu.aliyuncs.com/20231221/77b4699a356f4445a762214b6bca6890.png\",\"https://movies-momoyu.oss-cn-chengdu.aliyuncs.com/20231221/8635c29a35804c1a81803ed00e78c429.png\",\"https://movies-momoyu.oss-cn-chengdu.aliyuncs.com/20231221/8bd17f94b87246b6a8138daac2de815a.png\",\"https://movies-momoyu.oss-cn-chengdu.aliyuncs.com/20231221/5e7805c787cd44a0a8d4b72a6c74b9d7.png\"]', '大苏打萨达萨达萨达', '你好', 0, 2, '2023-11-21 18:19:22', '2023-12-20 18:19:22');
INSERT INTO `tb_user_feedback` (`id`, `user_id`, `user_name`, `contact_information`, `img`, `feedback_content`, `reply_content`, `type`, `status`, `feedback_time`, `reply_time`) VALUES (1726529728844234811, 10000000, '191', NULL, '[\"https://movies-momoyu.oss-cn-chengdu.aliyuncs.com/20231221/93c80272fc5b42249fc0c90d8be95ed0.png\",\"https://movies-momoyu.oss-cn-chengdu.aliyuncs.com/20231221/0e4e5ad8ada94524bacfa8dd38496dbe.png\",\"https://movies-momoyu.oss-cn-chengdu.aliyuncs.com/20231221/21d24507b1344eaf8912538dd35eb7bc.png\",\"https://movies-momoyu.oss-cn-chengdu.aliyuncs.com/20231221/adb2da46c30d4bcdb0e514b3e6659c3d.png\"]', 'dsaddsadsadasd', NULL, 0, 2, '2023-12-21 18:20:02', NULL);
INSERT INTO `tb_user_feedback` (`id`, `user_id`, `user_name`, `contact_information`, `img`, `feedback_content`, `reply_content`, `type`, `status`, `feedback_time`, `reply_time`) VALUES (1726529728844234821, 10000000, '123', NULL, '[\"https://movies-momoyu.oss-cn-chengdu.aliyuncs.com/20231222/acdeace2fd0f435dbac67bcda8f4adb7.png\"]', '2', 'fsdfdsf', 1, 1, '2023-12-22 14:08:26', '2024-01-02 15:43:01.794');
INSERT INTO `tb_user_feedback` (`id`, `user_id`, `user_name`, `contact_information`, `img`, `feedback_content`, `reply_content`, `type`, `status`, `feedback_time`, `reply_time`) VALUES (1726529728844234831, 10000000, '231', NULL, '[\"https://movies-momoyu.oss-cn-chengdu.aliyuncs.com/20231222/081931864d3b4f4c80e98d7b53c68fe8.png\"]', '123', 'dwdwdew', 1, 0, '2023-12-22 14:25:08', '2024-01-02 15:42:25.615');
INSERT INTO `tb_user_feedback` (`id`, `user_id`, `user_name`, `contact_information`, `img`, `feedback_content`, `reply_content`, `type`, `status`, `feedback_time`, `reply_time`) VALUES (1726529728844234891, 10000001, '手段干预的v', NULL, NULL, '我遇到了一个问题,就是在我的页面发起提现的时候会提示我余额不足,虽然我没有余额但是我想提现,该怎么办？我就是想白嫖!', '1234', 0, 2, '2023-11-22 16:19:52', '2023-12-22 16:19:52');
INSERT INTO `tb_user_feedback` (`id`, `user_id`, `user_name`, `contact_information`, `img`, `feedback_content`, `reply_content`, `type`, `status`, `feedback_time`, `reply_time`) VALUES (1726529728844234901, 10000000, '123', NULL, '[\"https://movies-momoyu.oss-cn-chengdu.aliyuncs.com/20231225/81c9756a74d340ed83b4a86ee2fdddfa.png\"]', '123', '122121', 1, 0, '2023-12-25 17:16:55', '2024-01-02 15:41:26.161');
INSERT INTO `tb_user_feedback` (`id`, `user_id`, `user_name`, `contact_information`, `img`, `feedback_content`, `reply_content`, `type`, `status`, `feedback_time`, `reply_time`) VALUES (1726529728844234911, 10000000, '', NULL, '[]', '43', 'erewr', 1, 1, '2023-12-25 17:17:01', '2024-01-02 15:19:48.512');
INSERT INTO `tb_user_feedback` (`id`, `user_id`, `user_name`, `contact_information`, `img`, `feedback_content`, `reply_content`, `type`, `status`, `feedback_time`, `reply_time`) VALUES (1726529728844234921, 10000000, '', NULL, '[]', '1', 'dhdif', 1, 1, '2023-12-25 17:18:46', '2024-01-02 15:09:18.328');
INSERT INTO `tb_user_feedback` (`id`, `user_id`, `user_name`, `contact_information`, `img`, `feedback_content`, `reply_content`, `type`, `status`, `feedback_time`, `reply_time`) VALUES (1726529728844234931, 10000000, '17188399444', NULL, '[\"https://movies-momoyu.oss-cn-chengdu.aliyuncs.com/20240122/3aade617976b413d8f2ba18a402b748c.jpg\"]', '123', '1234', 1, 2, '2024-01-22 15:23:39', '2024-01-25 14:44:34.477');
COMMIT;

-- ----------------------------
-- Table structure for tb_withdrawal
-- ----------------------------
DROP TABLE IF EXISTS `tb_withdrawal`;
CREATE TABLE `tb_withdrawal` (
  `id` bigint NOT NULL AUTO_INCREMENT COMMENT '主键ID',
  `withdrawal_code` varchar(255) CHARACTER SET utf8mb4 COLLATE utf8mb4_general_ci DEFAULT NULL COMMENT '提现单号',
  `user_id` bigint DEFAULT NULL COMMENT '用户ID',
  `bank_name` varchar(255) CHARACTER SET utf8mb4 COLLATE utf8mb4_general_ci DEFAULT NULL COMMENT '银行名称',
  `bank_no` varchar(255) CHARACTER SET utf8mb4 COLLATE utf8mb4_general_ci DEFAULT NULL COMMENT '银行卡卡号',
  `name` varchar(255) CHARACTER SET utf8mb4 COLLATE utf8mb4_general_ci DEFAULT NULL COMMENT '持卡人姓名',
  `idno` varchar(255) CHARACTER SET utf8mb4 COLLATE utf8mb4_general_ci DEFAULT NULL COMMENT '身份证号',
  `withdrawal_species` decimal(10,2) DEFAULT NULL COMMENT '提现金币数量',
  `withdrawal_money` decimal(10,2) DEFAULT NULL COMMENT '提现金额(金币换算的人民币元)',
  `actual_account` decimal(10,2) DEFAULT NULL COMMENT '实际到账金额(元)',
  `service_charge` decimal(10,2) DEFAULT NULL COMMENT '提现手续费(元)',
  `service_charge_scale` decimal(10,2) DEFAULT NULL COMMENT '提现手续费比例(%)',
  `front_species` decimal(10,2) DEFAULT NULL COMMENT '提现前的金币余额',
  `behind_species` decimal(10,2) DEFAULT NULL COMMENT '提现后的金币余额',
  `status` int DEFAULT NULL COMMENT '审核状态(0:待审核  1:审核通过  2:审核拒绝)',
  `content` varchar(255) CHARACTER SET utf8mb4 COLLATE utf8mb4_general_ci DEFAULT NULL COMMENT '审核内容/代付回调内容(拒绝填写拒绝理由  成功不用填写)',
  `create_time` datetime DEFAULT NULL COMMENT '创建时间',
  PRIMARY KEY (`id`)
) ENGINE=InnoDB AUTO_INCREMENT=61 DEFAULT CHARSET=utf8mb4 COLLATE=utf8mb4_general_ci COMMENT='用户提现代付表';

-- ----------------------------
-- Records of tb_withdrawal
-- ----------------------------


SET FOREIGN_KEY_CHECKS = 1;
